id,treatment,choice_set,card,alternative,chosen,development,water,cultural,alt_label,dev_limited,dev_high,dev_com,wat_med,wat_low,cult_s,cult_sl,n_answered,complete,councillor,role,lim_money,res_money,com_money,med_money,low_money,occasion
1,1,1,1,1,1,Residential,High,Stables & landscape,Option A,0,1,0,0,0,0,1,4,1,0,Policy staff,0,0,0,0,0,11
1,1,1,1,2,0,Limited,Low,None,Option B,1,0,0,0,1,0,0,4,1,0,Policy staff,0,0,0,0,0,11
1,1,1,1,3,0,None,High,None,Status quo,0,0,0,0,0,0,0,4,1,0,Policy staff,0,0,0,0,0,11
1,1,2,3,1,0,Residential,Low,Stables & landscape,Option A,0,1,0,0,1,0,1,4,1,0,Policy staff,0,0,0,0,0,12
1,1,2,3,2,1,Limited,Medium,Stables,Option B,1,0,0,1,0,1,0,4,1,0,Policy staff,0,0,0,0,0,12
1,1,2,3,3,0,None,High,None,Status quo,0,0,0,0,0,0,0,4,1,0,Policy staff,0,0,0,0,0,12
1,1,3,4,1,1,Residential,High,Stables & landscape,Option A,0,1,0,0,0,0,1,4,1,0,Policy staff,0,0,0,0,0,13
1,1,3,4,2,0,Commercial,Medium,None,Option B,0,0,1,1,0,0,0,4,1,0,Policy staff,0,0,0,0,0,13
1,1,3,4,3,0,None,High,None,Status quo,0,0,0,0,0,0,0,4,1,0,Policy staff,0,0,0,0,0,13
1,1,4,8,1,0,Limited,Medium,Stables,Option A,1,0,0,1,0,1,0,4,1,0,Policy staff,0,0,0,0,0,14
1,1,4,8,2,1,Commercial,High,Stables,Option B,0,0,1,0,0,1,0,4,1,0,Policy staff,0,0,0,0,0,14
1,1,4,8,3,0,None,High,None,Status quo,0,0,0,0,0,0,0,4,1,0,Policy staff,0,0,0,0,0,14
2,3,1,6,1,0,Residential,Low,None,Option A,0,1,0,0,1,0,0,4,1,0,Other,0,1,0,0,1,21
2,3,1,6,2,1,Limited,High,Stables & landscape,Option B,1,0,0,0,0,0,1,4,1,0,Other,1,0,0,0,0,21
2,3,1,6,3,0,None,High,None,Status quo,0,0,0,0,0,0,0,4,1,0,Other,0,0,0,0,0,21
2,3,2,7,1,1,Commercial,High,Stables & landscape,Option A,0,0,1,0,0,0,1,4,1,0,Other,0,0,1,0,0,22
2,3,2,7,2,0,Residential,Medium,Stables & landscape,Option B,0,1,0,1,0,0,1,4,1,0,Other,0,1,0,1,0,22
2,3,2,7,3,0,None,High,None,Status quo,0,0,0,0,0,0,0,4,1,0,Other,0,0,0,0,0,22
2,3,3,8,1,0,Limited,Medium,Stables,Option A,1,0,0,1,0,1,0,4,1,0,Other,1,0,0,1,0,23
2,3,3,8,2,1,Commercial,High,Stables,Option B,0,0,1,0,0,1,0,4,1,0,Other,0,0,1,0,0,23
2,3,3,8,3,0,None,High,None,Status quo,0,0,0,0,0,0,0,4,1,0,Other,0,0,0,0,0,23
2,3,4,12,1,1,Limited,Medium,Stables,Option A,1,0,0,1,0,1,0,4,1,0,Other,1,0,0,1,0,24
2,3,4,12,2,0,Residential,Low,Stables,Option B,0,1,0,0,1,1,0,4,1,0,Other,0,1,0,0,1,24
2,3,4,12,3,0,None,High,None,Status quo,0,0,0,0,0,0,0,4,1,0,Other,0,0,0,0,0,24
3,3,1,2,1,0,Commercial,Low,None,Option A,0,0,1,0,1,0,0,4,1,1,Councillor,0,0,1,0,1,31
3,3,1,2,2,1,Residential,High,Stables & landscape,Option B,0,1,0,0,0,0,1,4,1,1,Councillor,0,1,0,0,0,31
3,3,1,2,3,0,None,High,None,Status quo,0,0,0,0,0,0,0,4,1,1,Councillor,0,0,0,0,0,31
3,3,2,3,1,0,Residential,Low,Stables & landscape,Option A,0,1,0,0,1,0,1,4,1,1,Councillor,0,1,0,0,1,32
3,3,2,3,2,1,Limited,Medium,Stables,Option B,1,0,0,1,0,1,0,4,1,1,Councillor,1,0,0,1,0,32
3,3,2,3,3,0,None,High,None,Status quo,0,0,0,0,0,0,0,4,1,1,Councillor,0,0,0,0,0,32
3,3,3,5,1,0,Limited,Medium,Stables,Option A,1,0,0,1,0,1,0,4,1,1,Councillor,1,0,0,1,0,33
3,3,3,5,2,1,Residential,Medium,Stables & landscape,Option B,0,1,0,1,0,0,1,4,1,1,Councillor,0,1,0,1,0,33
3,3,3,5,3,0,None,High,None,Status quo,0,0,0,0,0,0,0,4,1,1,Councillor,0,0,0,0,0,33
3,3,4,11,1,0,Residential,Low,None,Option A,0,1,0,0,1,0,0,4,1,1,Councillor,0,1,0,0,1,34
3,3,4,11,2,1,Commercial,High,Stables & landscape,Option B,0,0,1,0,0,0,1,4,1,1,Councillor,0,0,1,0,0,34
3,3,4,11,3,0,None,High,None,Status quo,0,0,0,0,0,0,0,4,1,1,Councillor,0,0,0,0,0,34
4,2,1,1,1,1,Residential,High,Stables & landscape,Option A,0,1,0,0,0,0,1,4,1,0,Policy staff,0,1,0,0,0,41
4,2,1,1,2,0,Limited,Low,None,Option B,1,0,0,0,1,0,0,4,1,0,Policy staff,1,0,0,0,0,41
4,2,1,1,3,0,None,High,None,Status quo,0,0,0,0,0,0,0,4,1,0,Policy staff,0,0,0,0,0,41
4,2,2,7,1,1,Commercial,High,Stables & landscape,Option A,0,0,1,0,0,0,1,4,1,0,Policy staff,0,0,1,0,0,42
4,2,2,7,2,0,Residential,Medium,Stables & landscape,Option B,0,1,0,1,0,0,1,4,1,0,Policy staff,0,1,0,0,0,42
4,2,2,7,3,0,None,High,None,Status quo,0,0,0,0,0,0,0,4,1,0,Policy staff,0,0,0,0,0,42
4,2,3,10,1,0,Commercial,Low,None,Option A,0,0,1,0,1,0,0,4,1,0,Policy staff,0,0,1,0,0,43
4,2,3,10,2,1,Limited,Medium,Stables,Option B,1,0,0,1,0,1,0,4,1,0,Policy staff,1,0,0,0,0,43
4,2,3,10,3,0,None,High,None,Status quo,0,0,0,0,0,0,0,4,1,0,Policy staff,0,0,0,0,0,43
4,2,4,11,1,0,Residential,Low,None,Option A,0,1,0,0,1,0,0,4,1,0,Policy staff,0,1,0,0,0,44
4,2,4,11,2,1,Commercial,High,Stables & landscape,Option B,0,0,1,0,0,0,1,4,1,0,Policy staff,0,0,1,0,0,44
4,2,4,11,3,0,None,High,None,Status quo,0,0,0,0,0,0,0,4,1,0,Policy staff,0,0,0,0,0,44
5,2,1,3,1,0,Residential,Low,Stables & landscape,Option A,0,1,0,0,1,0,1,4,1,1,Councillor,0,1,0,0,0,51
5,2,1,3,2,1,Limited,Medium,Stables,Option B,1,0,0,1,0,1,0,4,1,1,Councillor,1,0,0,0,0,51
5,2,1,3,3,0,None,High,None,Status quo,0,0,0,0,0,0,0,4,1,1,Councillor,0,0,0,0,0,51
5,2,2,4,1,1,Residential,High,Stables & landscape,Option A,0,1,0,0,0,0,1,4,1,1,Councillor,0,1,0,0,0,52
5,2,2,4,2,0,Commercial,Medium,None,Option B,0,0,1,1,0,0,0,4,1,1,Councillor,0,0,1,0,0,52
5,2,2,4,3,0,None,High,None,Status quo,0,0,0,0,0,0,0,4,1,1,Councillor,0,0,0,0,0,52
5,2,3,5,1,0,Limited,Medium,Stables,Option A,1,0,0,1,0,1,0,4,1,1,Councillor,1,0,0,0,0,53
5,2,3,5,2,0,Residential,Medium,Stables & landscape,Option B,0,1,0,1,0,0,1,4,1,1,Councillor,0,1,0,0,0,53
5,2,3,5,3,1,None,High,None,Status quo,0,0,0,0,0,0,0,4,1,1,Councillor,0,0,0,0,0,53
5,2,4,8,1,0,Limited,Medium,Stables,Option A,1,0,0,1,0,1,0,4,1,1,Councillor,1,0,0,0,0,54
5,2,4,8,2,1,Commercial,High,Stables,Option B,0,0,1,0,0,1,0,4,1,1,Councillor,0,0,1,0,0,54
5,2,4,8,3,0,None,High,None,Status quo,0,0,0,0,0,0,0,4,1,1,Councillor,0,0,0,0,0,54
6,1,1,2,1,0,Commercial,Low,None,Option A,0,0,1,0,1,0,0,4,1,1,Councillor,0,0,0,0,0,61
6,1,1,2,2,1,Residential,High,Stables & landscape,Option B,0,1,0,0,0,0,1,4,1,1,Councillor,0,0,0,0,0,61
6,1,1,2,3,0,None,High,None,Status quo,0,0,0,0,0,0,0,4,1,1,Councillor,0,0,0,0,0,61
6,1,2,9,1,1,Commercial,High,Stables & landscape,Option A,0,0,1,0,0,0,1,4,1,1,Councillor,0,0,0,0,0,62
6,1,2,9,2,0,Limited,Medium,Stables,Option B,1,0,0,1,0,1,0,4,1,1,Councillor,0,0,0,0,0,62
6,1,2,9,3,0,None,High,None,Status quo,0,0,0,0,0,0,0,4,1,1,Councillor,0,0,0,0,0,62
6,1,3,10,1,0,Commercial,Low,None,Option A,0,0,1,0,1,0,0,4,1,1,Councillor,0,0,0,0,0,63
6,1,3,10,2,1,Limited,Medium,Stables,Option B,1,0,0,1,0,1,0,4,1,1,Councillor,0,0,0,0,0,63
6,1,3,10,3,0,None,High,None,Status quo,0,0,0,0,0,0,0,4,1,1,Councillor,0,0,0,0,0,63
6,1,4,12,1,1,Limited,Medium,Stables,Option A,1,0,0,1,0,1,0,4,1,1,Councillor,0,0,0,0,0,64
6,1,4,12,2,0,Residential,Low,Stables,Option B,0,1,0,0,1,1,0,4,1,1,Councillor,0,0,0,0,0,64
6,1,4,12,3,0,None,High,None,Status quo,0,0,0,0,0,0,0,4,1,1,Councillor,0,0,0,0,0,64
7,1,1,5,1,0,Limited,Medium,Stables,Option A,1,0,0,1,0,1,0,4,1,1,Councillor,0,0,0,0,0,71
7,1,1,5,2,0,Residential,Medium,Stables & landscape,Option B,0,1,0,1,0,0,1,4,1,1,Councillor,0,0,0,0,0,71
7,1,1,5,3,1,None,High,None,Status quo,0,0,0,0,0,0,0,4,1,1,Councillor,0,0,0,0,0,71
7,1,2,6,1,0,Residential,Low,None,Option A,0,1,0,0,1,0,0,4,1,1,Councillor,0,0,0,0,0,72
7,1,2,6,2,1,Limited,High,Stables & landscape,Option B,1,0,0,0,0,0,1,4,1,1,Councillor,0,0,0,0,0,72
7,1,2,6,3,0,None,High,None,Status quo,0,0,0,0,0,0,0,4,1,1,Councillor,0,0,0,0,0,72
7,1,3,7,1,0,Commercial,High,Stables & landscape,Option A,0,0,1,0,0,0,1,4,1,1,Councillor,0,0,0,0,0,73
7,1,3,7,2,0,Residential,Medium,Stables & landscape,Option B,0,1,0,1,0,0,1,4,1,1,Councillor,0,0,0,0,0,73
7,1,3,7,3,1,None,High,None,Status quo,0,0,0,0,0,0,0,4,1,1,Councillor,0,0,0,0,0,73
7,1,4,11,1,0,Residential,Low,None,Option A,0,1,0,0,1,0,0,4,1,1,Councillor,0,0,0,0,0,74
7,1,4,11,2,1,Commercial,High,Stables & landscape,Option B,0,0,1,0,0,0,1,4,1,1,Councillor,0,0,0,0,0,74
7,1,4,11,3,0,None,High,None,Status quo,0,0,0,0,0,0,0,4,1,1,Councillor,0,0,0,0,0,74
8,3,1,1,1,0,Residential,High,Stables & landscape,Option A,0,1,0,0,0,0,1,4,1,1,Councillor,0,1,0,0,0,81
8,3,1,1,2,1,Limited,Low,None,Option B,1,0,0,0,1,0,0,4,1,1,Councillor,1,0,0,0,1,81
8,3,1,1,3,0,None,High,None,Status quo,0,0,0,0,0,0,0,4,1,1,Councillor,0,0,0,0,0,81
8,3,2,2,1,0,Commercial,Low,None,Option A,0,0,1,0,1,0,0,4,1,1,Councillor,0,0,1,0,1,82
8,3,2,2,2,0,Residential,High,Stables & landscape,Option B,0,1,0,0,0,0,1,4,1,1,Councillor,0,1,0,0,0,82
8,3,2,2,3,1,None,High,None,Status quo,0,0,0,0,0,0,0,4,1,1,Councillor,0,0,0,0,0,82
8,3,3,10,1,0,Commercial,Low,None,Option A,0,0,1,0,1,0,0,4,1,1,Councillor,0,0,1,0,1,83
8,3,3,10,2,1,Limited,Medium,Stables,Option B,1,0,0,1,0,1,0,4,1,1,Councillor,1,0,0,1,0,83
8,3,3,10,3,0,None,High,None,Status quo,0,0,0,0,0,0,0,4,1,1,Councillor,0,0,0,0,0,83
8,3,4,11,1,0,Residential,Low,None,Option A,0,1,0,0,1,0,0,4,1,1,Councillor,0,1,0,0,1,84
8,3,4,11,2,1,Commercial,High,Stables & landscape,Option B,0,0,1,0,0,0,1,4,1,1,Councillor,0,0,1,0,0,84
8,3,4,11,3,0,None,High,None,Status quo,0,0,0,0,0,0,0,4,1,1,Councillor,0,0,0,0,0,84
9,1,1,2,1,0,Commercial,Low,None,Option A,0,0,1,0,1,0,0,4,1,1,Councillor,0,0,0,0,0,91
9,1,1,2,2,1,Residential,High,Stables & landscape,Option B,0,1,0,0,0,0,1,4,1,1,Councillor,0,0,0,0,0,91
9,1,1,2,3,0,None,High,None,Status quo,0,0,0,0,0,0,0,4,1,1,Councillor,0,0,0,0,0,91
9,1,2,4,1,1,Residential,High,Stables & landscape,Option A,0,1,0,0,0,0,1,4,1,1,Councillor,0,0,0,0,0,92
9,1,2,4,2,0,Commercial,Medium,None,Option B,0,0,1,1,0,0,0,4,1,1,Councillor,0,0,0,0,0,92
9,1,2,4,3,0,None,High,None,Status quo,0,0,0,0,0,0,0,4,1,1,Councillor,0,0,0,0,0,92
9,1,3,5,1,0,Limited,Medium,Stables,Option A,1,0,0,1,0,1,0,4,1,1,Councillor,0,0,0,0,0,93
9,1,3,5,2,0,Residential,Medium,Stables & landscape,Option B,0,1,0,1,0,0,1,4,1,1,Councillor,0,0,0,0,0,93
9,1,3,5,3,1,None,High,None,Status quo,0,0,0,0,0,0,0,4,1,1,Councillor,0,0,0,0,0,93
9,1,4,10,1,0,Commercial,Low,None,Option A,0,0,1,0,1,0,0,4,1,1,Councillor,0,0,0,0,0,94
9,1,4,10,2,0,Limited,Medium,Stables,Option B,1,0,0,1,0,1,0,4,1,1,Councillor,0,0,0,0,0,94
9,1,4,10,3,1,None,High,None,Status quo,0,0,0,0,0,0,0,4,1,1,Councillor,0,0,0,0,0,94
10,3,1,5,1,0,Limited,Medium,Stables,Option A,1,0,0,1,0,1,0,4,1,0,Policy staff,1,0,0,1,0,101
10,3,1,5,2,0,Residential,Medium,Stables & landscape,Option B,0,1,0,1,0,0,1,4,1,0,Policy staff,0,1,0,1,0,101
10,3,1,5,3,1,None,High,None,Status quo,0,0,0,0,0,0,0,4,1,0,Policy staff,0,0,0,0,0,101
10,3,2,6,1,0,Residential,Low,None,Option A,0,1,0,0,1,0,0,4,1,0,Policy staff,0,1,0,0,1,102
10,3,2,6,2,0,Limited,High,Stables & landscape,Option B,1,0,0,0,0,0,1,4,1,0,Policy staff,1,0,0,0,0,102
10,3,2,6,3,1,None,High,None,Status quo,0,0,0,0,0,0,0,4,1,0,Policy staff,0,0,0,0,0,102
10,3,3,8,1,0,Limited,Medium,Stables,Option A,1,0,0,1,0,1,0,4,1,0,Policy staff,1,0,0,1,0,103
10,3,3,8,2,1,Commercial,High,Stables,Option B,0,0,1,0,0,1,0,4,1,0,Policy staff,0,0,1,0,0,103
10,3,3,8,3,0,None,High,None,Status quo,0,0,0,0,0,0,0,4,1,0,Policy staff,0,0,0,0,0,103
10,3,4,9,1,1,Commercial,High,Stables & landscape,Option A,0,0,1,0,0,0,1,4,1,0,Policy staff,0,0,1,0,0,104
10,3,4,9,2,0,Limited,Medium,Stables,Option B,1,0,0,1,0,1,0,4,1,0,Policy staff,1,0,0,1,0,104
10,3,4,9,3,0,None,High,None,Status quo,0,0,0,0,0,0,0,4,1,0,Policy staff,0,0,0,0,0,104
11,2,1,4,1,0,Residential,High,Stables & landscape,Option A,0,1,0,0,0,0,1,4,1,1,Councillor,0,1,0,0,0,111
11,2,1,4,2,1,Commercial,Medium,None,Option B,0,0,1,1,0,0,0,4,1,1,Councillor,0,0,1,0,0,111
11,2,1,4,3,0,None,High,None,Status quo,0,0,0,0,0,0,0,4,1,1,Councillor,0,0,0,0,0,111
11,2,2,7,1,1,Commercial,High,Stables & landscape,Option A,0,0,1,0,0,0,1,4,1,1,Councillor,0,0,1,0,0,112
11,2,2,7,2,0,Residential,Medium,Stables & landscape,Option B,0,1,0,1,0,0,1,4,1,1,Councillor,0,1,0,0,0,112
11,2,2,7,3,0,None,High,None,Status quo,0,0,0,0,0,0,0,4,1,1,Councillor,0,0,0,0,0,112
11,2,3,10,1,0,Commercial,Low,None,Option A,0,0,1,0,1,0,0,4,1,1,Councillor,0,0,1,0,0,113
11,2,3,10,2,1,Limited,Medium,Stables,Option B,1,0,0,1,0,1,0,4,1,1,Councillor,1,0,0,0,0,113
11,2,3,10,3,0,None,High,None,Status quo,0,0,0,0,0,0,0,4,1,1,Councillor,0,0,0,0,0,113
11,2,4,12,1,1,Limited,Medium,Stables,Option A,1,0,0,1,0,1,0,4,1,1,Councillor,1,0,0,0,0,114
11,2,4,12,2,0,Residential,Low,Stables,Option B,0,1,0,0,1,1,0,4,1,1,Councillor,0,1,0,0,0,114
11,2,4,12,3,0,None,High,None,Status quo,0,0,0,0,0,0,0,4,1,1,Councillor,0,0,0,0,0,114
12,1,1,3,1,0,Residential,Low,Stables & landscape,Option A,0,1,0,0,1,0,1,4,1,1,Councillor,0,0,0,0,0,121
12,1,1,3,2,1,Limited,Medium,Stables,Option B,1,0,0,1,0,1,0,4,1,1,Councillor,0,0,0,0,0,121
12,1,1,3,3,0,None,High,None,Status quo,0,0,0,0,0,0,0,4,1,1,Councillor,0,0,0,0,0,121
12,1,2,7,1,0,Commercial,High,Stables & landscape,Option A,0,0,1,0,0,0,1,4,1,1,Councillor,0,0,0,0,0,122
12,1,2,7,2,0,Residential,Medium,Stables & landscape,Option B,0,1,0,1,0,0,1,4,1,1,Councillor,0,0,0,0,0,122
12,1,2,7,3,1,None,High,None,Status quo,0,0,0,0,0,0,0,4,1,1,Councillor,0,0,0,0,0,122
12,1,3,8,1,0,Limited,Medium,Stables,Option A,1,0,0,1,0,1,0,4,1,1,Councillor,0,0,0,0,0,123
12,1,3,8,2,1,Commercial,High,Stables,Option B,0,0,1,0,0,1,0,4,1,1,Councillor,0,0,0,0,0,123
12,1,3,8,3,0,None,High,None,Status quo,0,0,0,0,0,0,0,4,1,1,Councillor,0,0,0,0,0,123
12,1,4,12,1,0,Limited,Medium,Stables,Option A,1,0,0,1,0,1,0,4,1,1,Councillor,0,0,0,0,0,124
12,1,4,12,2,1,Residential,Low,Stables,Option B,0,1,0,0,1,1,0,4,1,1,Councillor,0,0,0,0,0,124
12,1,4,12,3,0,None,High,None,Status quo,0,0,0,0,0,0,0,4,1,1,Councillor,0,0,0,0,0,124
13,3,1,3,1,0,Residential,Low,Stables & landscape,Option A,0,1,0,0,1,0,1,4,1,0,Policy staff,0,1,0,0,1,131
13,3,1,3,2,1,Limited,Medium,Stables,Option B,1,0,0,1,0,1,0,4,1,0,Policy staff,1,0,0,1,0,131
13,3,1,3,3,0,None,High,None,Status quo,0,0,0,0,0,0,0,4,1,0,Policy staff,0,0,0,0,0,131
13,3,2,8,1,0,Limited,Medium,Stables,Option A,1,0,0,1,0,1,0,4,1,0,Policy staff,1,0,0,1,0,132
13,3,2,8,2,1,Commercial,High,Stables,Option B,0,0,1,0,0,1,0,4,1,0,Policy staff,0,0,1,0,0,132
13,3,2,8,3,0,None,High,None,Status quo,0,0,0,0,0,0,0,4,1,0,Policy staff,0,0,0,0,0,132
13,3,3,9,1,1,Commercial,High,Stables & landscape,Option A,0,0,1,0,0,0,1,4,1,0,Policy staff,0,0,1,0,0,133
13,3,3,9,2,0,Limited,Medium,Stables,Option B,1,0,0,1,0,1,0,4,1,0,Policy staff,1,0,0,1,0,133
13,3,3,9,3,0,None,High,None,Status quo,0,0,0,0,0,0,0,4,1,0,Policy staff,0,0,0,0,0,133
13,3,4,12,1,0,Limited,Medium,Stables,Option A,1,0,0,1,0,1,0,4,1,0,Policy staff,1,0,0,1,0,134
13,3,4,12,2,0,Residential,Low,Stables,Option B,0,1,0,0,1,1,0,4,1,0,Policy staff,0,1,0,0,1,134
13,3,4,12,3,1,None,High,None,Status quo,0,0,0,0,0,0,0,4,1,0,Policy staff,0,0,0,0,0,134
14,2,1,3,1,0,Residential,Low,Stables & landscape,Option A,0,1,0,0,1,0,1,4,1,1,Councillor,0,1,0,0,0,141
14,2,1,3,2,1,Limited,Medium,Stables,Option B,1,0,0,1,0,1,0,4,1,1,Councillor,1,0,0,0,0,141
14,2,1,3,3,0,None,High,None,Status quo,0,0,0,0,0,0,0,4,1,1,Councillor,0,0,0,0,0,141
14,2,2,5,1,0,Limited,Medium,Stables,Option A,1,0,0,1,0,1,0,4,1,1,Councillor,1,0,0,0,0,142
14,2,2,5,2,1,Residential,Medium,Stables & landscape,Option B,0,1,0,1,0,0,1,4,1,1,Councillor,0,1,0,0,0,142
14,2,2,5,3,0,None,High,None,Status quo,0,0,0,0,0,0,0,4,1,1,Councillor,0,0,0,0,0,142
14,2,3,10,1,0,Commercial,Low,None,Option A,0,0,1,0,1,0,0,4,1,1,Councillor,0,0,1,0,0,143
14,2,3,10,2,1,Limited,Medium,Stables,Option B,1,0,0,1,0,1,0,4,1,1,Councillor,1,0,0,0,0,143
14,2,3,10,3,0,None,High,None,Status quo,0,0,0,0,0,0,0,4,1,1,Councillor,0,0,0,0,0,143
14,2,4,11,1,0,Residential,Low,None,Option A,0,1,0,0,1,0,0,4,1,1,Councillor,0,1,0,0,0,144
14,2,4,11,2,1,Commercial,High,Stables & landscape,Option B,0,0,1,0,0,0,1,4,1,1,Councillor,0,0,1,0,0,144
14,2,4,11,3,0,None,High,None,Status quo,0,0,0,0,0,0,0,4,1,1,Councillor,0,0,0,0,0,144
15,1,1,2,1,0,Commercial,Low,None,Option A,0,0,1,0,1,0,0,4,1,1,Councillor,0,0,0,0,0,151
15,1,1,2,2,1,Residential,High,Stables & landscape,Option B,0,1,0,0,0,0,1,4,1,1,Councillor,0,0,0,0,0,151
15,1,1,2,3,0,None,High,None,Status quo,0,0,0,0,0,0,0,4,1,1,Councillor,0,0,0,0,0,151
15,1,2,4,1,1,Residential,High,Stables & landscape,Option A,0,1,0,0,0,0,1,4,1,1,Councillor,0,0,0,0,0,152
15,1,2,4,2,0,Commercial,Medium,None,Option B,0,0,1,1,0,0,0,4,1,1,Councillor,0,0,0,0,0,152
15,1,2,4,3,0,None,High,None,Status quo,0,0,0,0,0,0,0,4,1,1,Councillor,0,0,0,0,0,152
15,1,3,6,1,0,Residential,Low,None,Option A,0,1,0,0,1,0,0,4,1,1,Councillor,0,0,0,0,0,153
15,1,3,6,2,1,Limited,High,Stables & landscape,Option B,1,0,0,0,0,0,1,4,1,1,Councillor,0,0,0,0,0,153
15,1,3,6,3,0,None,High,None,Status quo,0,0,0,0,0,0,0,4,1,1,Councillor,0,0,0,0,0,153
15,1,4,8,1,0,Limited,Medium,Stables,Option A,1,0,0,1,0,1,0,4,1,1,Councillor,0,0,0,0,0,154
15,1,4,8,2,0,Commercial,High,Stables,Option B,0,0,1,0,0,1,0,4,1,1,Councillor,0,0,0,0,0,154
15,1,4,8,3,1,None,High,None,Status quo,0,0,0,0,0,0,0,4,1,1,Councillor,0,0,0,0,0,154
16,2,1,2,1,0,Commercial,Low,None,Option A,0,0,1,0,1,0,0,4,1,0,Policy staff,0,0,1,0,0,161
16,2,1,2,2,1,Residential,High,Stables & landscape,Option B,0,1,0,0,0,0,1,4,1,0,Policy staff,0,1,0,0,0,161
16,2,1,2,3,0,None,High,None,Status quo,0,0,0,0,0,0,0,4,1,0,Policy staff,0,0,0,0,0,161
16,2,2,7,1,1,Commercial,High,Stables & landscape,Option A,0,0,1,0,0,0,1,4,1,0,Policy staff,0,0,1,0,0,162
16,2,2,7,2,0,Residential,Medium,Stables & landscape,Option B,0,1,0,1,0,0,1,4,1,0,Policy staff,0,1,0,0,0,162
16,2,2,7,3,0,None,High,None,Status quo,0,0,0,0,0,0,0,4,1,0,Policy staff,0,0,0,0,0,162
16,2,3,9,1,1,Commercial,High,Stables & landscape,Option A,0,0,1,0,0,0,1,4,1,0,Policy staff,0,0,1,0,0,163
16,2,3,9,2,0,Limited,Medium,Stables,Option B,1,0,0,1,0,1,0,4,1,0,Policy staff,1,0,0,0,0,163
16,2,3,9,3,0,None,High,None,Status quo,0,0,0,0,0,0,0,4,1,0,Policy staff,0,0,0,0,0,163
16,2,4,12,1,0,Limited,Medium,Stables,Option A,1,0,0,1,0,1,0,4,1,0,Policy staff,1,0,0,0,0,164
16,2,4,12,2,0,Residential,Low,Stables,Option B,0,1,0,0,1,1,0,4,1,0,Policy staff,0,1,0,0,0,164
16,2,4,12,3,1,None,High,None,Status quo,0,0,0,0,0,0,0,4,1,0,Policy staff,0,0,0,0,0,164
17,2,1,1,1,1,Residential,High,Stables & landscape,Option A,0,1,0,0,0,0,1,4,1,1,Councillor,0,1,0,0,0,171
17,2,1,1,2,0,Limited,Low,None,Option B,1,0,0,0,1,0,0,4,1,1,Councillor,1,0,0,0,0,171
17,2,1,1,3,0,None,High,None,Status quo,0,0,0,0,0,0,0,4,1,1,Councillor,0,0,0,0,0,171
17,2,2,4,1,1,Residential,High,Stables & landscape,Option A,0,1,0,0,0,0,1,4,1,1,Councillor,0,1,0,0,0,172
17,2,2,4,2,0,Commercial,Medium,None,Option B,0,0,1,1,0,0,0,4,1,1,Councillor,0,0,1,0,0,172
17,2,2,4,3,0,None,High,None,Status quo,0,0,0,0,0,0,0,4,1,1,Councillor,0,0,0,0,0,172
17,2,3,6,1,0,Residential,Low,None,Option A,0,1,0,0,1,0,0,4,1,1,Councillor,0,1,0,0,0,173
17,2,3,6,2,1,Limited,High,Stables & landscape,Option B,1,0,0,0,0,0,1,4,1,1,Councillor,1,0,0,0,0,173
17,2,3,6,3,0,None,High,None,Status quo,0,0,0,0,0,0,0,4,1,1,Councillor,0,0,0,0,0,173
17,2,4,8,1,0,Limited,Medium,Stables,Option A,1,0,0,1,0,1,0,4,1,1,Councillor,1,0,0,0,0,174
17,2,4,8,2,1,Commercial,High,Stables,Option B,0,0,1,0,0,1,0,4,1,1,Councillor,0,0,1,0,0,174
17,2,4,8,3,0,None,High,None,Status quo,0,0,0,0,0,0,0,4,1,1,Councillor,0,0,0,0,0,174
18,1,1,1,1,0,Residential,High,Stables & landscape,Option A,0,1,0,0,0,0,1,4,1,1,Councillor,0,0,0,0,0,181
18,1,1,1,2,0,Limited,Low,None,Option B,1,0,0,0,1,0,0,4,1,1,Councillor,0,0,0,0,0,181
18,1,1,1,3,1,None,High,None,Status quo,0,0,0,0,0,0,0,4,1,1,Councillor,0,0,0,0,0,181
18,1,2,6,1,0,Residential,Low,None,Option A,0,1,0,0,1,0,0,4,1,1,Councillor,0,0,0,0,0,182
18,1,2,6,2,0,Limited,High,Stables & landscape,Option B,1,0,0,0,0,0,1,4,1,1,Councillor,0,0,0,0,0,182
18,1,2,6,3,1,None,High,None,Status quo,0,0,0,0,0,0,0,4,1,1,Councillor,0,0,0,0,0,182
18,1,3,9,1,0,Commercial,High,Stables & landscape,Option A,0,0,1,0,0,0,1,4,1,1,Councillor,0,0,0,0,0,183
18,1,3,9,2,0,Limited,Medium,Stables,Option B,1,0,0,1,0,1,0,4,1,1,Councillor,0,0,0,0,0,183
18,1,3,9,3,1,None,High,None,Status quo,0,0,0,0,0,0,0,4,1,1,Councillor,0,0,0,0,0,183
18,1,4,11,1,0,Residential,Low,None,Option A,0,1,0,0,1,0,0,4,1,1,Councillor,0,0,0,0,0,184
18,1,4,11,2,0,Commercial,High,Stables & landscape,Option B,0,0,1,0,0,0,1,4,1,1,Councillor,0,0,0,0,0,184
18,1,4,11,3,1,None,High,None,Status quo,0,0,0,0,0,0,0,4,1,1,Councillor,0,0,0,0,0,184
19,3,1,1,1,1,Residential,High,Stables & landscape,Option A,0,1,0,0,0,0,1,4,1,0,Other,0,1,0,0,0,191
19,3,1,1,2,0,Limited,Low,None,Option B,1,0,0,0,1,0,0,4,1,0,Other,1,0,0,0,1,191
19,3,1,1,3,0,None,High,None,Status quo,0,0,0,0,0,0,0,4,1,0,Other,0,0,0,0,0,191
19,3,2,2,1,0,Commercial,Low,None,Option A,0,0,1,0,1,0,0,4,1,0,Other,0,0,1,0,1,192
19,3,2,2,2,1,Residential,High,Stables & landscape,Option B,0,1,0,0,0,0,1,4,1,0,Other,0,1,0,0,0,192
19,3,2,2,3,0,None,High,None,Status quo,0,0,0,0,0,0,0,4,1,0,Other,0,0,0,0,0,192
19,3,3,6,1,0,Residential,Low,None,Option A,0,1,0,0,1,0,0,4,1,0,Other,0,1,0,0,1,193
19,3,3,6,2,1,Limited,High,Stables & landscape,Option B,1,0,0,0,0,0,1,4,1,0,Other,1,0,0,0,0,193
19,3,3,6,3,0,None,High,None,Status quo,0,0,0,0,0,0,0,4,1,0,Other,0,0,0,0,0,193
19,3,4,10,1,0,Commercial,Low,None,Option A,0,0,1,0,1,0,0,4,1,0,Other,0,0,1,0,1,194
19,3,4,10,2,1,Limited,Medium,Stables,Option B,1,0,0,1,0,1,0,4,1,0,Other,1,0,0,1,0,194
19,3,4,10,3,0,None,High,None,Status quo,0,0,0,0,0,0,0,4,1,0,Other,0,0,0,0,0,194
20,3,1,3,1,0,Residential,Low,Stables & landscape,Option A,0,1,0,0,1,0,1,4,1,1,Councillor,0,1,0,0,1,201
20,3,1,3,2,1,Limited,Medium,Stables,Option B,1,0,0,1,0,1,0,4,1,1,Councillor,1,0,0,1,0,201
20,3,1,3,3,0,None,High,None,Status quo,0,0,0,0,0,0,0,4,1,1,Councillor,0,0,0,0,0,201
20,3,2,4,1,0,Residential,High,Stables & landscape,Option A,0,1,0,0,0,0,1,4,1,1,Councillor,0,1,0,0,0,202
20,3,2,4,2,1,Commercial,Medium,None,Option B,0,0,1,1,0,0,0,4,1,1,Councillor,0,0,1,1,0,202
20,3,2,4,3,0,None,High,None,Status quo,0,0,0,0,0,0,0,4,1,1,Councillor,0,0,0,0,0,202
20,3,3,6,1,0,Residential,Low,None,Option A,0,1,0,0,1,0,0,4,1,1,Councillor,0,1,0,0,1,203
20,3,3,6,2,1,Limited,High,Stables & landscape,Option B,1,0,0,0,0,0,1,4,1,1,Councillor,1,0,0,0,0,203
20,3,3,6,3,0,None,High,None,Status quo,0,0,0,0,0,0,0,4,1,1,Councillor,0,0,0,0,0,203
20,3,4,8,1,0,Limited,Medium,Stables,Option A,1,0,0,1,0,1,0,4,1,1,Councillor,1,0,0,1,0,204
20,3,4,8,2,1,Commercial,High,Stables,Option B,0,0,1,0,0,1,0,4,1,1,Councillor,0,0,1,0,0,204
20,3,4,8,3,0,None,High,None,Status quo,0,0,0,0,0,0,0,4,1,1,Councillor,0,0,0,0,0,204
21,1,1,3,1,0,Residential,Low,Stables & landscape,Option A,0,1,0,0,1,0,1,4,1,1,Councillor,0,0,0,0,0,211
21,1,1,3,2,1,Limited,Medium,Stables,Option B,1,0,0,1,0,1,0,4,1,1,Councillor,0,0,0,0,0,211
21,1,1,3,3,0,None,High,None,Status quo,0,0,0,0,0,0,0,4,1,1,Councillor,0,0,0,0,0,211
21,1,2,9,1,1,Commercial,High,Stables & landscape,Option A,0,0,1,0,0,0,1,4,1,1,Councillor,0,0,0,0,0,212
21,1,2,9,2,0,Limited,Medium,Stables,Option B,1,0,0,1,0,1,0,4,1,1,Councillor,0,0,0,0,0,212
21,1,2,9,3,0,None,High,None,Status quo,0,0,0,0,0,0,0,4,1,1,Councillor,0,0,0,0,0,212
21,1,3,10,1,0,Commercial,Low,None,Option A,0,0,1,0,1,0,0,4,1,1,Councillor,0,0,0,0,0,213
21,1,3,10,2,1,Limited,Medium,Stables,Option B,1,0,0,1,0,1,0,4,1,1,Councillor,0,0,0,0,0,213
21,1,3,10,3,0,None,High,None,Status quo,0,0,0,0,0,0,0,4,1,1,Councillor,0,0,0,0,0,213
21,1,4,12,1,1,Limited,Medium,Stables,Option A,1,0,0,1,0,1,0,4,1,1,Councillor,0,0,0,0,0,214
21,1,4,12,2,0,Residential,Low,Stables,Option B,0,1,0,0,1,1,0,4,1,1,Councillor,0,0,0,0,0,214
21,1,4,12,3,0,None,High,None,Status quo,0,0,0,0,0,0,0,4,1,1,Councillor,0,0,0,0,0,214
22,1,1,1,1,1,Residential,High,Stables & landscape,Option A,0,1,0,0,0,0,1,3,0,1,Councillor,0,0,0,0,0,221
22,1,1,1,2,0,Limited,Low,None,Option B,1,0,0,0,1,0,0,3,0,1,Councillor,0,0,0,0,0,221
22,1,1,1,3,0,None,High,None,Status quo,0,0,0,0,0,0,0,3,0,1,Councillor,0,0,0,0,0,221
22,1,2,1,1,1,Residential,High,Stables & landscape,Option A,0,1,0,0,0,0,1,3,0,1,Councillor,0,0,0,0,0,222
22,1,2,1,2,0,Limited,Low,None,Option B,1,0,0,0,1,0,0,3,0,1,Councillor,0,0,0,0,0,222
22,1,2,1,3,0,None,High,None,Status quo,0,0,0,0,0,0,0,3,0,1,Councillor,0,0,0,0,0,222
22,1,3,7,1,1,Commercial,High,Stables & landscape,Option A,0,0,1,0,0,0,1,3,0,1,Councillor,0,0,0,0,0,223
22,1,3,7,2,0,Residential,Medium,Stables & landscape,Option B,0,1,0,1,0,0,1,3,0,1,Councillor,0,0,0,0,0,223
22,1,3,7,3,0,None,High,None,Status quo,0,0,0,0,0,0,0,3,0,1,Councillor,0,0,0,0,0,223
22,1,4,11,1,1,Residential,Low,None,Option A,0,1,0,0,1,0,0,3,0,1,Councillor,0,0,0,0,0,224
22,1,4,11,2,0,Commercial,High,Stables & landscape,Option B,0,0,1,0,0,0,1,3,0,1,Councillor,0,0,0,0,0,224
22,1,4,11,3,0,None,High,None,Status quo,0,0,0,0,0,0,0,3,0,1,Councillor,0,0,0,0,0,224
23,1,1,1,1,0,Residential,High,Stables & landscape,Option A,0,1,0,0,0,0,1,4,1,1,Councillor,0,0,0,0,0,231
23,1,1,1,2,0,Limited,Low,None,Option B,1,0,0,0,1,0,0,4,1,1,Councillor,0,0,0,0,0,231
23,1,1,1,3,1,None,High,None,Status quo,0,0,0,0,0,0,0,4,1,1,Councillor,0,0,0,0,0,231
23,1,2,5,1,0,Limited,Medium,Stables,Option A,1,0,0,1,0,1,0,4,1,1,Councillor,0,0,0,0,0,232
23,1,2,5,2,0,Residential,Medium,Stables & landscape,Option B,0,1,0,1,0,0,1,4,1,1,Councillor,0,0,0,0,0,232
23,1,2,5,3,1,None,High,None,Status quo,0,0,0,0,0,0,0,4,1,1,Councillor,0,0,0,0,0,232
23,1,3,11,1,0,Residential,Low,None,Option A,0,1,0,0,1,0,0,4,1,1,Councillor,0,0,0,0,0,233
23,1,3,11,2,0,Commercial,High,Stables & landscape,Option B,0,0,1,0,0,0,1,4,1,1,Councillor,0,0,0,0,0,233
23,1,3,11,3,1,None,High,None,Status quo,0,0,0,0,0,0,0,4,1,1,Councillor,0,0,0,0,0,233
23,1,4,12,1,0,Limited,Medium,Stables,Option A,1,0,0,1,0,1,0,4,1,1,Councillor,0,0,0,0,0,234
23,1,4,12,2,0,Residential,Low,Stables,Option B,0,1,0,0,1,1,0,4,1,1,Councillor,0,0,0,0,0,234
23,1,4,12,3,1,None,High,None,Status quo,0,0,0,0,0,0,0,4,1,1,Councillor,0,0,0,0,0,234
24,2,1,5,1,1,Limited,Medium,Stables,Option A,1,0,0,1,0,1,0,4,1,0,Policy staff,1,0,0,0,0,241
24,2,1,5,2,0,Residential,Medium,Stables & landscape,Option B,0,1,0,1,0,0,1,4,1,0,Policy staff,0,1,0,0,0,241
24,2,1,5,3,0,None,High,None,Status quo,0,0,0,0,0,0,0,4,1,0,Policy staff,0,0,0,0,0,241
24,2,2,6,1,0,Residential,Low,None,Option A,0,1,0,0,1,0,0,4,1,0,Policy staff,0,1,0,0,0,242
24,2,2,6,2,1,Limited,High,Stables & landscape,Option B,1,0,0,0,0,0,1,4,1,0,Policy staff,1,0,0,0,0,242
24,2,2,6,3,0,None,High,None,Status quo,0,0,0,0,0,0,0,4,1,0,Policy staff,0,0,0,0,0,242
24,2,3,7,1,1,Commercial,High,Stables & landscape,Option A,0,0,1,0,0,0,1,4,1,0,Policy staff,0,0,1,0,0,243
24,2,3,7,2,0,Residential,Medium,Stables & landscape,Option B,0,1,0,1,0,0,1,4,1,0,Policy staff,0,1,0,0,0,243
24,2,3,7,3,0,None,High,None,Status quo,0,0,0,0,0,0,0,4,1,0,Policy staff,0,0,0,0,0,243
24,2,4,11,1,0,Residential,Low,None,Option A,0,1,0,0,1,0,0,4,1,0,Policy staff,0,1,0,0,0,244
24,2,4,11,2,1,Commercial,High,Stables & landscape,Option B,0,0,1,0,0,0,1,4,1,0,Policy staff,0,0,1,0,0,244
24,2,4,11,3,0,None,High,None,Status quo,0,0,0,0,0,0,0,4,1,0,Policy staff,0,0,0,0,0,244
25,2,1,2,1,0,Commercial,Low,None,Option A,0,0,1,0,1,0,0,4,1,1,Councillor,0,0,1,0,0,251
25,2,1,2,2,1,Residential,High,Stables & landscape,Option B,0,1,0,0,0,0,1,4,1,1,Councillor,0,1,0,0,0,251
25,2,1,2,3,0,None,High,None,Status quo,0,0,0,0,0,0,0,4,1,1,Councillor,0,0,0,0,0,251
25,2,2,3,1,0,Residential,Low,Stables & landscape,Option A,0,1,0,0,1,0,1,4,1,1,Councillor,0,1,0,0,0,252
25,2,2,3,2,1,Limited,Medium,Stables,Option B,1,0,0,1,0,1,0,4,1,1,Councillor,1,0,0,0,0,252
25,2,2,3,3,0,None,High,None,Status quo,0,0,0,0,0,0,0,4,1,1,Councillor,0,0,0,0,0,252
25,2,3,4,1,0,Residential,High,Stables & landscape,Option A,0,1,0,0,0,0,1,4,1,1,Councillor,0,1,0,0,0,253
25,2,3,4,2,1,Commercial,Medium,None,Option B,0,0,1,1,0,0,0,4,1,1,Councillor,0,0,1,0,0,253
25,2,3,4,3,0,None,High,None,Status quo,0,0,0,0,0,0,0,4,1,1,Councillor,0,0,0,0,0,253
25,2,4,8,1,0,Limited,Medium,Stables,Option A,1,0,0,1,0,1,0,4,1,1,Councillor,1,0,0,0,0,254
25,2,4,8,2,1,Commercial,High,Stables,Option B,0,0,1,0,0,1,0,4,1,1,Councillor,0,0,1,0,0,254
25,2,4,8,3,0,None,High,None,Status quo,0,0,0,0,0,0,0,4,1,1,Councillor,0,0,0,0,0,254
26,3,1,1,1,1,Residential,High,Stables & landscape,Option A,0,1,0,0,0,0,1,4,1,1,Councillor,0,1,0,0,0,261
26,3,1,1,2,0,Limited,Low,None,Option B,1,0,0,0,1,0,0,4,1,1,Councillor,1,0,0,0,1,261
26,3,1,1,3,0,None,High,None,Status quo,0,0,0,0,0,0,0,4,1,1,Councillor,0,0,0,0,0,261
26,3,2,2,1,0,Commercial,Low,None,Option A,0,0,1,0,1,0,0,4,1,1,Councillor,0,0,1,0,1,262
26,3,2,2,2,1,Residential,High,Stables & landscape,Option B,0,1,0,0,0,0,1,4,1,1,Councillor,0,1,0,0,0,262
26,3,2,2,3,0,None,High,None,Status quo,0,0,0,0,0,0,0,4,1,1,Councillor,0,0,0,0,0,262
26,3,3,5,1,0,Limited,Medium,Stables,Option A,1,0,0,1,0,1,0,4,1,1,Councillor,1,0,0,1,0,263
26,3,3,5,2,1,Residential,Medium,Stables & landscape,Option B,0,1,0,1,0,0,1,4,1,1,Councillor,0,1,0,1,0,263
26,3,3,5,3,0,None,High,None,Status quo,0,0,0,0,0,0,0,4,1,1,Councillor,0,0,0,0,0,263
26,3,4,10,1,0,Commercial,Low,None,Option A,0,0,1,0,1,0,0,4,1,1,Councillor,0,0,1,0,1,264
26,3,4,10,2,0,Limited,Medium,Stables,Option B,1,0,0,1,0,1,0,4,1,1,Councillor,1,0,0,1,0,264
26,3,4,10,3,1,None,High,None,Status quo,0,0,0,0,0,0,0,4,1,1,Councillor,0,0,0,0,0,264
27,3,1,7,1,1,Commercial,High,Stables & landscape,Option A,0,0,1,0,0,0,1,4,1,1,Councillor,0,0,1,0,0,271
27,3,1,7,2,0,Residential,Medium,Stables & landscape,Option B,0,1,0,1,0,0,1,4,1,1,Councillor,0,1,0,1,0,271
27,3,1,7,3,0,None,High,None,Status quo,0,0,0,0,0,0,0,4,1,1,Councillor,0,0,0,0,0,271
27,3,2,9,1,1,Commercial,High,Stables & landscape,Option A,0,0,1,0,0,0,1,4,1,1,Councillor,0,0,1,0,0,272
27,3,2,9,2,0,Limited,Medium,Stables,Option B,1,0,0,1,0,1,0,4,1,1,Councillor,1,0,0,1,0,272
27,3,2,9,3,0,None,High,None,Status quo,0,0,0,0,0,0,0,4,1,1,Councillor,0,0,0,0,0,272
27,3,3,11,1,0,Residential,Low,None,Option A,0,1,0,0,1,0,0,4,1,1,Councillor,0,1,0,0,1,273
27,3,3,11,2,1,Commercial,High,Stables & landscape,Option B,0,0,1,0,0,0,1,4,1,1,Councillor,0,0,1,0,0,273
27,3,3,11,3,0,None,High,None,Status quo,0,0,0,0,0,0,0,4,1,1,Councillor,0,0,0,0,0,273
27,3,4,12,1,1,Limited,Medium,Stables,Option A,1,0,0,1,0,1,0,4,1,1,Councillor,1,0,0,1,0,274
27,3,4,12,2,0,Residential,Low,Stables,Option B,0,1,0,0,1,1,0,4,1,1,Councillor,0,1,0,0,1,274
27,3,4,12,3,0,None,High,None,Status quo,0,0,0,0,0,0,0,4,1,1,Councillor,0,0,0,0,0,274
28,1,1,3,1,0,Residential,Low,Stables & landscape,Option A,0,1,0,0,1,0,1,4,1,0,Policy staff,0,0,0,0,0,281
28,1,1,3,2,1,Limited,Medium,Stables,Option B,1,0,0,1,0,1,0,4,1,0,Policy staff,0,0,0,0,0,281
28,1,1,3,3,0,None,High,None,Status quo,0,0,0,0,0,0,0,4,1,0,Policy staff,0,0,0,0,0,281
28,1,2,6,1,0,Residential,Low,None,Option A,0,1,0,0,1,0,0,4,1,0,Policy staff,0,0,0,0,0,282
28,1,2,6,2,1,Limited,High,Stables & landscape,Option B,1,0,0,0,0,0,1,4,1,0,Policy staff,0,0,0,0,0,282
28,1,2,6,3,0,None,High,None,Status quo,0,0,0,0,0,0,0,4,1,0,Policy staff,0,0,0,0,0,282
28,1,3,7,1,1,Commercial,High,Stables & landscape,Option A,0,0,1,0,0,0,1,4,1,0,Policy staff,0,0,0,0,0,283
28,1,3,7,2,0,Residential,Medium,Stables & landscape,Option B,0,1,0,1,0,0,1,4,1,0,Policy staff,0,0,0,0,0,283
28,1,3,7,3,0,None,High,None,Status quo,0,0,0,0,0,0,0,4,1,0,Policy staff,0,0,0,0,0,283
28,1,4,9,1,1,Commercial,High,Stables & landscape,Option A,0,0,1,0,0,0,1,4,1,0,Policy staff,0,0,0,0,0,284
28,1,4,9,2,0,Limited,Medium,Stables,Option B,1,0,0,1,0,1,0,4,1,0,Policy staff,0,0,0,0,0,284
28,1,4,9,3,0,None,High,None,Status quo,0,0,0,0,0,0,0,4,1,0,Policy staff,0,0,0,0,0,284
29,1,1,2,1,0,Commercial,Low,None,Option A,0,0,1,0,1,0,0,4,1,1,Councillor,0,0,0,0,0,291
29,1,1,2,2,1,Residential,High,Stables & landscape,Option B,0,1,0,0,0,0,1,4,1,1,Councillor,0,0,0,0,0,291
29,1,1,2,3,0,None,High,None,Status quo,0,0,0,0,0,0,0,4,1,1,Councillor,0,0,0,0,0,291
29,1,2,4,1,1,Residential,High,Stables & landscape,Option A,0,1,0,0,0,0,1,4,1,1,Councillor,0,0,0,0,0,292
29,1,2,4,2,0,Commercial,Medium,None,Option B,0,0,1,1,0,0,0,4,1,1,Councillor,0,0,0,0,0,292
29,1,2,4,3,0,None,High,None,Status quo,0,0,0,0,0,0,0,4,1,1,Councillor,0,0,0,0,0,292
29,1,3,8,1,0,Limited,Medium,Stables,Option A,1,0,0,1,0,1,0,4,1,1,Councillor,0,0,0,0,0,293
29,1,3,8,2,1,Commercial,High,Stables,Option B,0,0,1,0,0,1,0,4,1,1,Councillor,0,0,0,0,0,293
29,1,3,8,3,0,None,High,None,Status quo,0,0,0,0,0,0,0,4,1,1,Councillor,0,0,0,0,0,293
29,1,4,10,1,0,Commercial,Low,None,Option A,0,0,1,0,1,0,0,4,1,1,Councillor,0,0,0,0,0,294
29,1,4,10,2,0,Limited,Medium,Stables,Option B,1,0,0,1,0,1,0,4,1,1,Councillor,0,0,0,0,0,294
29,1,4,10,3,1,None,High,None,Status quo,0,0,0,0,0,0,0,4,1,1,Councillor,0,0,0,0,0,294
30,2,1,1,1,1,Residential,High,Stables & landscape,Option A,0,1,0,0,0,0,1,4,1,0,Policy staff,0,1,0,0,0,301
30,2,1,1,2,0,Limited,Low,None,Option B,1,0,0,0,1,0,0,4,1,0,Policy staff,1,0,0,0,0,301
30,2,1,1,3,0,None,High,None,Status quo,0,0,0,0,0,0,0,4,1,0,Policy staff,0,0,0,0,0,301
30,2,2,3,1,0,Residential,Low,Stables & landscape,Option A,0,1,0,0,1,0,1,4,1,0,Policy staff,0,1,0,0,0,302
30,2,2,3,2,1,Limited,Medium,Stables,Option B,1,0,0,1,0,1,0,4,1,0,Policy staff,1,0,0,0,0,302
30,2,2,3,3,0,None,High,None,Status quo,0,0,0,0,0,0,0,4,1,0,Policy staff,0,0,0,0,0,302
30,2,3,5,1,1,Limited,Medium,Stables,Option A,1,0,0,1,0,1,0,4,1,0,Policy staff,1,0,0,0,0,303
30,2,3,5,2,0,Residential,Medium,Stables & landscape,Option B,0,1,0,1,0,0,1,4,1,0,Policy staff,0,1,0,0,0,303
30,2,3,5,3,0,None,High,None,Status quo,0,0,0,0,0,0,0,4,1,0,Policy staff,0,0,0,0,0,303
30,2,4,11,1,0,Residential,Low,None,Option A,0,1,0,0,1,0,0,4,1,0,Policy staff,0,1,0,0,0,304
30,2,4,11,2,1,Commercial,High,Stables & landscape,Option B,0,0,1,0,0,0,1,4,1,0,Policy staff,0,0,1,0,0,304
30,2,4,11,3,0,None,High,None,Status quo,0,0,0,0,0,0,0,4,1,0,Policy staff,0,0,0,0,0,304
31,3,1,1,1,1,Residential,High,Stables & landscape,Option A,0,1,0,0,0,0,1,4,1,0,Not answered,0,1,0,0,0,311
31,3,1,1,2,0,Limited,Low,None,Option B,1,0,0,0,1,0,0,4,1,0,Not answered,1,0,0,0,1,311
31,3,1,1,3,0,None,High,None,Status quo,0,0,0,0,0,0,0,4,1,0,Not answered,0,0,0,0,0,311
31,3,2,4,1,1,Residential,High,Stables & landscape,Option A,0,1,0,0,0,0,1,4,1,0,Not answered,0,1,0,0,0,312
31,3,2,4,2,0,Commercial,Medium,None,Option B,0,0,1,1,0,0,0,4,1,0,Not answered,0,0,1,1,0,312
31,3,2,4,3,0,None,High,None,Status quo,0,0,0,0,0,0,0,4,1,0,Not answered,0,0,0,0,0,312
31,3,3,8,1,0,Limited,Medium,Stables,Option A,1,0,0,1,0,1,0,4,1,0,Not answered,1,0,0,1,0,313
31,3,3,8,2,1,Commercial,High,Stables,Option B,0,0,1,0,0,1,0,4,1,0,Not answered,0,0,1,0,0,313
31,3,3,8,3,0,None,High,None,Status quo,0,0,0,0,0,0,0,4,1,0,Not answered,0,0,0,0,0,313
31,3,4,10,1,0,Commercial,Low,None,Option A,0,0,1,0,1,0,0,4,1,0,Not answered,0,0,1,0,1,314
31,3,4,10,2,0,Limited,Medium,Stables,Option B,1,0,0,1,0,1,0,4,1,0,Not answered,1,0,0,1,0,314
31,3,4,10,3,1,None,High,None,Status quo,0,0,0,0,0,0,0,4,1,0,Not answered,0,0,0,0,0,314
32,2,1,4,1,1,Residential,High,Stables & landscape,Option A,0,1,0,0,0,0,1,2,0,1,Councillor,0,1,0,0,0,321
32,2,1,4,2,0,Commercial,Medium,None,Option B,0,0,1,1,0,0,0,2,0,1,Councillor,0,0,1,0,0,321
32,2,1,4,3,0,None,High,None,Status quo,0,0,0,0,0,0,0,2,0,1,Councillor,0,0,0,0,0,321
32,2,2,4,1,1,Residential,High,Stables & landscape,Option A,0,1,0,0,0,0,1,2,0,1,Councillor,0,1,0,0,0,322
32,2,2,4,2,0,Commercial,Medium,None,Option B,0,0,1,1,0,0,0,2,0,1,Councillor,0,0,1,0,0,322
32,2,2,4,3,0,None,High,None,Status quo,0,0,0,0,0,0,0,2,0,1,Councillor,0,0,0,0,0,322
32,2,3,4,1,1,Residential,High,Stables & landscape,Option A,0,1,0,0,0,0,1,2,0,1,Councillor,0,1,0,0,0,323
32,2,3,4,2,0,Commercial,Medium,None,Option B,0,0,1,1,0,0,0,2,0,1,Councillor,0,0,1,0,0,323
32,2,3,4,3,0,None,High,None,Status quo,0,0,0,0,0,0,0,2,0,1,Councillor,0,0,0,0,0,323
32,2,4,5,1,1,Limited,Medium,Stables,Option A,1,0,0,1,0,1,0,2,0,1,Councillor,1,0,0,0,0,324
32,2,4,5,2,0,Residential,Medium,Stables & landscape,Option B,0,1,0,1,0,0,1,2,0,1,Councillor,0,1,0,0,0,324
32,2,4,5,3,0,None,High,None,Status quo,0,0,0,0,0,0,0,2,0,1,Councillor,0,0,0,0,0,324
33,2,1,7,1,1,Commercial,High,Stables & landscape,Option A,0,0,1,0,0,0,1,4,1,1,Councillor,0,0,1,0,0,331
33,2,1,7,2,0,Residential,Medium,Stables & landscape,Option B,0,1,0,1,0,0,1,4,1,1,Councillor,0,1,0,0,0,331
33,2,1,7,3,0,None,High,None,Status quo,0,0,0,0,0,0,0,4,1,1,Councillor,0,0,0,0,0,331
33,2,2,8,1,0,Limited,Medium,Stables,Option A,1,0,0,1,0,1,0,4,1,1,Councillor,1,0,0,0,0,332
33,2,2,8,2,1,Commercial,High,Stables,Option B,0,0,1,0,0,1,0,4,1,1,Councillor,0,0,1,0,0,332
33,2,2,8,3,0,None,High,None,Status quo,0,0,0,0,0,0,0,4,1,1,Councillor,0,0,0,0,0,332
33,2,3,9,1,1,Commercial,High,Stables & landscape,Option A,0,0,1,0,0,0,1,4,1,1,Councillor,0,0,1,0,0,333
33,2,3,9,2,0,Limited,Medium,Stables,Option B,1,0,0,1,0,1,0,4,1,1,Councillor,1,0,0,0,0,333
33,2,3,9,3,0,None,High,None,Status quo,0,0,0,0,0,0,0,4,1,1,Councillor,0,0,0,0,0,333
33,2,4,10,1,1,Commercial,Low,None,Option A,0,0,1,0,1,0,0,4,1,1,Councillor,0,0,1,0,0,334
33,2,4,10,2,0,Limited,Medium,Stables,Option B,1,0,0,1,0,1,0,4,1,1,Councillor,1,0,0,0,0,334
33,2,4,10,3,0,None,High,None,Status quo,0,0,0,0,0,0,0,4,1,1,Councillor,0,0,0,0,0,334
34,3,1,6,1,0,Residential,Low,None,Option A,0,1,0,0,1,0,0,4,1,0,Other,0,1,0,0,1,341
34,3,1,6,2,1,Limited,High,Stables & landscape,Option B,1,0,0,0,0,0,1,4,1,0,Other,1,0,0,0,0,341
34,3,1,6,3,0,None,High,None,Status quo,0,0,0,0,0,0,0,4,1,0,Other,0,0,0,0,0,341
34,3,2,7,1,1,Commercial,High,Stables & landscape,Option A,0,0,1,0,0,0,1,4,1,0,Other,0,0,1,0,0,342
34,3,2,7,2,0,Residential,Medium,Stables & landscape,Option B,0,1,0,1,0,0,1,4,1,0,Other,0,1,0,1,0,342
34,3,2,7,3,0,None,High,None,Status quo,0,0,0,0,0,0,0,4,1,0,Other,0,0,0,0,0,342
34,3,3,9,1,0,Commercial,High,Stables & landscape,Option A,0,0,1,0,0,0,1,4,1,0,Other,0,0,1,0,0,343
34,3,3,9,2,1,Limited,Medium,Stables,Option B,1,0,0,1,0,1,0,4,1,0,Other,1,0,0,1,0,343
34,3,3,9,3,0,None,High,None,Status quo,0,0,0,0,0,0,0,4,1,0,Other,0,0,0,0,0,343
34,3,4,11,1,0,Residential,Low,None,Option A,0,1,0,0,1,0,0,4,1,0,Other,0,1,0,0,1,344
34,3,4,11,2,1,Commercial,High,Stables & landscape,Option B,0,0,1,0,0,0,1,4,1,0,Other,0,0,1,0,0,344
34,3,4,11,3,0,None,High,None,Status quo,0,0,0,0,0,0,0,4,1,0,Other,0,0,0,0,0,344
36,1,1,2,1,0,Commercial,Low,None,Option A,0,0,1,0,1,0,0,4,1,1,Councillor,0,0,0,0,0,361
36,1,1,2,2,1,Residential,High,Stables & landscape,Option B,0,1,0,0,0,0,1,4,1,1,Councillor,0,0,0,0,0,361
36,1,1,2,3,0,None,High,None,Status quo,0,0,0,0,0,0,0,4,1,1,Councillor,0,0,0,0,0,361
36,1,2,4,1,1,Residential,High,Stables & landscape,Option A,0,1,0,0,0,0,1,4,1,1,Councillor,0,0,0,0,0,362
36,1,2,4,2,0,Commercial,Medium,None,Option B,0,0,1,1,0,0,0,4,1,1,Councillor,0,0,0,0,0,362
36,1,2,4,3,0,None,High,None,Status quo,0,0,0,0,0,0,0,4,1,1,Councillor,0,0,0,0,0,362
36,1,3,7,1,1,Commercial,High,Stables & landscape,Option A,0,0,1,0,0,0,1,4,1,1,Councillor,0,0,0,0,0,363
36,1,3,7,2,0,Residential,Medium,Stables & landscape,Option B,0,1,0,1,0,0,1,4,1,1,Councillor,0,0,0,0,0,363
36,1,3,7,3,0,None,High,None,Status quo,0,0,0,0,0,0,0,4,1,1,Councillor,0,0,0,0,0,363
36,1,4,8,1,0,Limited,Medium,Stables,Option A,1,0,0,1,0,1,0,4,1,1,Councillor,0,0,0,0,0,364
36,1,4,8,2,1,Commercial,High,Stables,Option B,0,0,1,0,0,1,0,4,1,1,Councillor,0,0,0,0,0,364
36,1,4,8,3,0,None,High,None,Status quo,0,0,0,0,0,0,0,4,1,1,Councillor,0,0,0,0,0,364
37,2,1,1,1,1,Residential,High,Stables & landscape,Option A,0,1,0,0,0,0,1,4,1,1,Councillor,0,1,0,0,0,371
37,2,1,1,2,0,Limited,Low,None,Option B,1,0,0,0,1,0,0,4,1,1,Councillor,1,0,0,0,0,371
37,2,1,1,3,0,None,High,None,Status quo,0,0,0,0,0,0,0,4,1,1,Councillor,0,0,0,0,0,371
37,2,2,3,1,0,Residential,Low,Stables & landscape,Option A,0,1,0,0,1,0,1,4,1,1,Councillor,0,1,0,0,0,372
37,2,2,3,2,0,Limited,Medium,Stables,Option B,1,0,0,1,0,1,0,4,1,1,Councillor,1,0,0,0,0,372
37,2,2,3,3,1,None,High,None,Status quo,0,0,0,0,0,0,0,4,1,1,Councillor,0,0,0,0,0,372
37,2,3,6,1,0,Residential,Low,None,Option A,0,1,0,0,1,0,0,4,1,1,Councillor,0,1,0,0,0,373
37,2,3,6,2,1,Limited,High,Stables & landscape,Option B,1,0,0,0,0,0,1,4,1,1,Councillor,1,0,0,0,0,373
37,2,3,6,3,0,None,High,None,Status quo,0,0,0,0,0,0,0,4,1,1,Councillor,0,0,0,0,0,373
37,2,4,11,1,0,Residential,Low,None,Option A,0,1,0,0,1,0,0,4,1,1,Councillor,0,1,0,0,0,374
37,2,4,11,2,0,Commercial,High,Stables & landscape,Option B,0,0,1,0,0,0,1,4,1,1,Councillor,0,0,1,0,0,374
37,2,4,11,3,1,None,High,None,Status quo,0,0,0,0,0,0,0,4,1,1,Councillor,0,0,0,0,0,374
38,3,1,2,1,0,Commercial,Low,None,Option A,0,0,1,0,1,0,0,4,1,1,Councillor,0,0,1,0,1,381
38,3,1,2,2,1,Residential,High,Stables & landscape,Option B,0,1,0,0,0,0,1,4,1,1,Councillor,0,1,0,0,0,381
38,3,1,2,3,0,None,High,None,Status quo,0,0,0,0,0,0,0,4,1,1,Councillor,0,0,0,0,0,381
38,3,2,3,1,0,Residential,Low,Stables & landscape,Option A,0,1,0,0,1,0,1,4,1,1,Councillor,0,1,0,0,1,382
38,3,2,3,2,0,Limited,Medium,Stables,Option B,1,0,0,1,0,1,0,4,1,1,Councillor,1,0,0,1,0,382
38,3,2,3,3,1,None,High,None,Status quo,0,0,0,0,0,0,0,4,1,1,Councillor,0,0,0,0,0,382
38,3,3,5,1,1,Limited,Medium,Stables,Option A,1,0,0,1,0,1,0,4,1,1,Councillor,1,0,0,1,0,383
38,3,3,5,2,0,Residential,Medium,Stables & landscape,Option B,0,1,0,1,0,0,1,4,1,1,Councillor,0,1,0,1,0,383
38,3,3,5,3,0,None,High,None,Status quo,0,0,0,0,0,0,0,4,1,1,Councillor,0,0,0,0,0,383
38,3,4,12,1,0,Limited,Medium,Stables,Option A,1,0,0,1,0,1,0,4,1,1,Councillor,1,0,0,1,0,384
38,3,4,12,2,0,Residential,Low,Stables,Option B,0,1,0,0,1,1,0,4,1,1,Councillor,0,1,0,0,1,384
38,3,4,12,3,1,None,High,None,Status quo,0,0,0,0,0,0,0,4,1,1,Councillor,0,0,0,0,0,384
39,1,1,1,1,0,Residential,High,Stables & landscape,Option A,0,1,0,0,0,0,1,4,1,1,Other,0,0,0,0,0,391
39,1,1,1,2,0,Limited,Low,None,Option B,1,0,0,0,1,0,0,4,1,1,Other,0,0,0,0,0,391
39,1,1,1,3,1,None,High,None,Status quo,0,0,0,0,0,0,0,4,1,1,Other,0,0,0,0,0,391
39,1,2,3,1,0,Residential,Low,Stables & landscape,Option A,0,1,0,0,1,0,1,4,1,1,Other,0,0,0,0,0,392
39,1,2,3,2,0,Limited,Medium,Stables,Option B,1,0,0,1,0,1,0,4,1,1,Other,0,0,0,0,0,392
39,1,2,3,3,1,None,High,None,Status quo,0,0,0,0,0,0,0,4,1,1,Other,0,0,0,0,0,392
39,1,3,9,1,0,Commercial,High,Stables & landscape,Option A,0,0,1,0,0,0,1,4,1,1,Other,0,0,0,0,0,393
39,1,3,9,2,0,Limited,Medium,Stables,Option B,1,0,0,1,0,1,0,4,1,1,Other,0,0,0,0,0,393
39,1,3,9,3,1,None,High,None,Status quo,0,0,0,0,0,0,0,4,1,1,Other,0,0,0,0,0,393
39,1,4,10,1,0,Commercial,Low,None,Option A,0,0,1,0,1,0,0,4,1,1,Other,0,0,0,0,0,394
39,1,4,10,2,0,Limited,Medium,Stables,Option B,1,0,0,1,0,1,0,4,1,1,Other,0,0,0,0,0,394
39,1,4,10,3,1,None,High,None,Status quo,0,0,0,0,0,0,0,4,1,1,Other,0,0,0,0,0,394
40,2,1,1,1,1,Residential,High,Stables & landscape,Option A,0,1,0,0,0,0,1,4,1,1,Councillor,0,1,0,0,0,401
40,2,1,1,2,0,Limited,Low,None,Option B,1,0,0,0,1,0,0,4,1,1,Councillor,1,0,0,0,0,401
40,2,1,1,3,0,None,High,None,Status quo,0,0,0,0,0,0,0,4,1,1,Councillor,0,0,0,0,0,401
40,2,2,3,1,0,Residential,Low,Stables & landscape,Option A,0,1,0,0,1,0,1,4,1,1,Councillor,0,1,0,0,0,402
40,2,2,3,2,1,Limited,Medium,Stables,Option B,1,0,0,1,0,1,0,4,1,1,Councillor,1,0,0,0,0,402
40,2,2,3,3,0,None,High,None,Status quo,0,0,0,0,0,0,0,4,1,1,Councillor,0,0,0,0,0,402
40,2,3,7,1,1,Commercial,High,Stables & landscape,Option A,0,0,1,0,0,0,1,4,1,1,Councillor,0,0,1,0,0,403
40,2,3,7,2,0,Residential,Medium,Stables & landscape,Option B,0,1,0,1,0,0,1,4,1,1,Councillor,0,1,0,0,0,403
40,2,3,7,3,0,None,High,None,Status quo,0,0,0,0,0,0,0,4,1,1,Councillor,0,0,0,0,0,403
40,2,4,11,1,0,Residential,Low,None,Option A,0,1,0,0,1,0,0,4,1,1,Councillor,0,1,0,0,0,404
40,2,4,11,2,1,Commercial,High,Stables & landscape,Option B,0,0,1,0,0,0,1,4,1,1,Councillor,0,0,1,0,0,404
40,2,4,11,3,0,None,High,None,Status quo,0,0,0,0,0,0,0,4,1,1,Councillor,0,0,0,0,0,404
41,3,1,3,1,0,Residential,Low,Stables & landscape,Option A,0,1,0,0,1,0,1,4,1,1,Councillor,0,1,0,0,1,411
41,3,1,3,2,0,Limited,Medium,Stables,Option B,1,0,0,1,0,1,0,4,1,1,Councillor,1,0,0,1,0,411
41,3,1,3,3,1,None,High,None,Status quo,0,0,0,0,0,0,0,4,1,1,Councillor,0,0,0,0,0,411
41,3,2,7,1,0,Commercial,High,Stables & landscape,Option A,0,0,1,0,0,0,1,4,1,1,Councillor,0,0,1,0,0,412
41,3,2,7,2,0,Residential,Medium,Stables & landscape,Option B,0,1,0,1,0,0,1,4,1,1,Councillor,0,1,0,1,0,412
41,3,2,7,3,1,None,High,None,Status quo,0,0,0,0,0,0,0,4,1,1,Councillor,0,0,0,0,0,412
41,3,3,9,1,0,Commercial,High,Stables & landscape,Option A,0,0,1,0,0,0,1,4,1,1,Councillor,0,0,1,0,0,413
41,3,3,9,2,0,Limited,Medium,Stables,Option B,1,0,0,1,0,1,0,4,1,1,Councillor,1,0,0,1,0,413
41,3,3,9,3,1,None,High,None,Status quo,0,0,0,0,0,0,0,4,1,1,Councillor,0,0,0,0,0,413
41,3,4,10,1,0,Commercial,Low,None,Option A,0,0,1,0,1,0,0,4,1,1,Councillor,0,0,1,0,1,414
41,3,4,10,2,0,Limited,Medium,Stables,Option B,1,0,0,1,0,1,0,4,1,1,Councillor,1,0,0,1,0,414
41,3,4,10,3,1,None,High,None,Status quo,0,0,0,0,0,0,0,4,1,1,Councillor,0,0,0,0,0,414
42,1,1,7,1,1,Commercial,High,Stables & landscape,Option A,0,0,1,0,0,0,1,4,1,1,Councillor,0,0,0,0,0,421
42,1,1,7,2,0,Residential,Medium,Stables & landscape,Option B,0,1,0,1,0,0,1,4,1,1,Councillor,0,0,0,0,0,421
42,1,1,7,3,0,None,High,None,Status quo,0,0,0,0,0,0,0,4,1,1,Councillor,0,0,0,0,0,421
42,1,2,8,1,0,Limited,Medium,Stables,Option A,1,0,0,1,0,1,0,4,1,1,Councillor,0,0,0,0,0,422
42,1,2,8,2,1,Commercial,High,Stables,Option B,0,0,1,0,0,1,0,4,1,1,Councillor,0,0,0,0,0,422
42,1,2,8,3,0,None,High,None,Status quo,0,0,0,0,0,0,0,4,1,1,Councillor,0,0,0,0,0,422
42,1,3,10,1,0,Commercial,Low,None,Option A,0,0,1,0,1,0,0,4,1,1,Councillor,0,0,0,0,0,423
42,1,3,10,2,0,Limited,Medium,Stables,Option B,1,0,0,1,0,1,0,4,1,1,Councillor,0,0,0,0,0,423
42,1,3,10,3,1,None,High,None,Status quo,0,0,0,0,0,0,0,4,1,1,Councillor,0,0,0,0,0,423
42,1,4,12,1,0,Limited,Medium,Stables,Option A,1,0,0,1,0,1,0,4,1,1,Councillor,0,0,0,0,0,424
42,1,4,12,2,0,Residential,Low,Stables,Option B,0,1,0,0,1,1,0,4,1,1,Councillor,0,0,0,0,0,424
42,1,4,12,3,1,None,High,None,Status quo,0,0,0,0,0,0,0,4,1,1,Councillor,0,0,0,0,0,424
43,2,1,5,1,1,Limited,Medium,Stables,Option A,1,0,0,1,0,1,0,4,1,1,Councillor,1,0,0,0,0,431
43,2,1,5,2,0,Residential,Medium,Stables & landscape,Option B,0,1,0,1,0,0,1,4,1,1,Councillor,0,1,0,0,0,431
43,2,1,5,3,0,None,High,None,Status quo,0,0,0,0,0,0,0,4,1,1,Councillor,0,0,0,0,0,431
43,2,2,6,1,0,Residential,Low,None,Option A,0,1,0,0,1,0,0,4,1,1,Councillor,0,1,0,0,0,432
43,2,2,6,2,0,Limited,High,Stables & landscape,Option B,1,0,0,0,0,0,1,4,1,1,Councillor,1,0,0,0,0,432
43,2,2,6,3,1,None,High,None,Status quo,0,0,0,0,0,0,0,4,1,1,Councillor,0,0,0,0,0,432
43,2,3,9,1,0,Commercial,High,Stables & landscape,Option A,0,0,1,0,0,0,1,4,1,1,Councillor,0,0,1,0,0,433
43,2,3,9,2,1,Limited,Medium,Stables,Option B,1,0,0,1,0,1,0,4,1,1,Councillor,1,0,0,0,0,433
43,2,3,9,3,0,None,High,None,Status quo,0,0,0,0,0,0,0,4,1,1,Councillor,0,0,0,0,0,433
43,2,4,10,1,0,Commercial,Low,None,Option A,0,0,1,0,1,0,0,4,1,1,Councillor,0,0,1,0,0,434
43,2,4,10,2,1,Limited,Medium,Stables,Option B,1,0,0,1,0,1,0,4,1,1,Councillor,1,0,0,0,0,434
43,2,4,10,3,0,None,High,None,Status quo,0,0,0,0,0,0,0,4,1,1,Councillor,0,0,0,0,0,434
44,2,1,2,1,0,Commercial,Low,None,Option A,0,0,1,0,1,0,0,4,1,0,Not answered,0,0,1,0,0,441
44,2,1,2,2,1,Residential,High,Stables & landscape,Option B,0,1,0,0,0,0,1,4,1,0,Not answered,0,1,0,0,0,441
44,2,1,2,3,0,None,High,None,Status quo,0,0,0,0,0,0,0,4,1,0,Not answered,0,0,0,0,0,441
44,2,2,4,1,1,Residential,High,Stables & landscape,Option A,0,1,0,0,0,0,1,4,1,0,Not answered,0,1,0,0,0,442
44,2,2,4,2,0,Commercial,Medium,None,Option B,0,0,1,1,0,0,0,4,1,0,Not answered,0,0,1,0,0,442
44,2,2,4,3,0,None,High,None,Status quo,0,0,0,0,0,0,0,4,1,0,Not answered,0,0,0,0,0,442
44,2,3,6,1,0,Residential,Low,None,Option A,0,1,0,0,1,0,0,4,1,0,Not answered,0,1,0,0,0,443
44,2,3,6,2,1,Limited,High,Stables & landscape,Option B,1,0,0,0,0,0,1,4,1,0,Not answered,1,0,0,0,0,443
44,2,3,6,3,0,None,High,None,Status quo,0,0,0,0,0,0,0,4,1,0,Not answered,0,0,0,0,0,443
44,2,4,8,1,0,Limited,Medium,Stables,Option A,1,0,0,1,0,1,0,4,1,0,Not answered,1,0,0,0,0,444
44,2,4,8,2,1,Commercial,High,Stables,Option B,0,0,1,0,0,1,0,4,1,0,Not answered,0,0,1,0,0,444
44,2,4,8,3,0,None,High,None,Status quo,0,0,0,0,0,0,0,4,1,0,Not answered,0,0,0,0,0,444
45,1,1,2,1,0,Commercial,Low,None,Option A,0,0,1,0,1,0,0,4,1,1,Councillor,0,0,0,0,0,451
45,1,1,2,2,1,Residential,High,Stables & landscape,Option B,0,1,0,0,0,0,1,4,1,1,Councillor,0,0,0,0,0,451
45,1,1,2,3,0,None,High,None,Status quo,0,0,0,0,0,0,0,4,1,1,Councillor,0,0,0,0,0,451
45,1,2,3,1,0,Residential,Low,Stables & landscape,Option A,0,1,0,0,1,0,1,4,1,1,Councillor,0,0,0,0,0,452
45,1,2,3,2,1,Limited,Medium,Stables,Option B,1,0,0,1,0,1,0,4,1,1,Councillor,0,0,0,0,0,452
45,1,2,3,3,0,None,High,None,Status quo,0,0,0,0,0,0,0,4,1,1,Councillor,0,0,0,0,0,452
45,1,3,5,1,0,Limited,Medium,Stables,Option A,1,0,0,1,0,1,0,4,1,1,Councillor,0,0,0,0,0,453
45,1,3,5,2,1,Residential,Medium,Stables & landscape,Option B,0,1,0,1,0,0,1,4,1,1,Councillor,0,0,0,0,0,453
45,1,3,5,3,0,None,High,None,Status quo,0,0,0,0,0,0,0,4,1,1,Councillor,0,0,0,0,0,453
45,1,4,11,1,0,Residential,Low,None,Option A,0,1,0,0,1,0,0,4,1,1,Councillor,0,0,0,0,0,454
45,1,4,11,2,1,Commercial,High,Stables & landscape,Option B,0,0,1,0,0,0,1,4,1,1,Councillor,0,0,0,0,0,454
45,1,4,11,3,0,None,High,None,Status quo,0,0,0,0,0,0,0,4,1,1,Councillor,0,0,0,0,0,454
46,3,1,1,1,1,Residential,High,Stables & landscape,Option A,0,1,0,0,0,0,1,4,1,1,Councillor,0,1,0,0,0,461
46,3,1,1,2,0,Limited,Low,None,Option B,1,0,0,0,1,0,0,4,1,1,Councillor,1,0,0,0,1,461
46,3,1,1,3,0,None,High,None,Status quo,0,0,0,0,0,0,0,4,1,1,Councillor,0,0,0,0,0,461
46,3,2,5,1,0,Limited,Medium,Stables,Option A,1,0,0,1,0,1,0,4,1,1,Councillor,1,0,0,1,0,462
46,3,2,5,2,1,Residential,Medium,Stables & landscape,Option B,0,1,0,1,0,0,1,4,1,1,Councillor,0,1,0,1,0,462
46,3,2,5,3,0,None,High,None,Status quo,0,0,0,0,0,0,0,4,1,1,Councillor,0,0,0,0,0,462
46,3,3,8,1,0,Limited,Medium,Stables,Option A,1,0,0,1,0,1,0,4,1,1,Councillor,1,0,0,1,0,463
46,3,3,8,2,1,Commercial,High,Stables,Option B,0,0,1,0,0,1,0,4,1,1,Councillor,0,0,1,0,0,463
46,3,3,8,3,0,None,High,None,Status quo,0,0,0,0,0,0,0,4,1,1,Councillor,0,0,0,0,0,463
46,3,4,11,1,0,Residential,Low,None,Option A,0,1,0,0,1,0,0,4,1,1,Councillor,0,1,0,0,1,464
46,3,4,11,2,1,Commercial,High,Stables & landscape,Option B,0,0,1,0,0,0,1,4,1,1,Councillor,0,0,1,0,0,464
46,3,4,11,3,0,None,High,None,Status quo,0,0,0,0,0,0,0,4,1,1,Councillor,0,0,0,0,0,464
47,2,1,1,1,1,Residential,High,Stables & landscape,Option A,0,1,0,0,0,0,1,4,1,1,Councillor,0,1,0,0,0,471
47,2,1,1,2,0,Limited,Low,None,Option B,1,0,0,0,1,0,0,4,1,1,Councillor,1,0,0,0,0,471
47,2,1,1,3,0,None,High,None,Status quo,0,0,0,0,0,0,0,4,1,1,Councillor,0,0,0,0,0,471
47,2,2,3,1,0,Residential,Low,Stables & landscape,Option A,0,1,0,0,1,0,1,4,1,1,Councillor,0,1,0,0,0,472
47,2,2,3,2,1,Limited,Medium,Stables,Option B,1,0,0,1,0,1,0,4,1,1,Councillor,1,0,0,0,0,472
47,2,2,3,3,0,None,High,None,Status quo,0,0,0,0,0,0,0,4,1,1,Councillor,0,0,0,0,0,472
47,2,3,5,1,0,Limited,Medium,Stables,Option A,1,0,0,1,0,1,0,4,1,1,Councillor,1,0,0,0,0,473
47,2,3,5,2,1,Residential,Medium,Stables & landscape,Option B,0,1,0,1,0,0,1,4,1,1,Councillor,0,1,0,0,0,473
47,2,3,5,3,0,None,High,None,Status quo,0,0,0,0,0,0,0,4,1,1,Councillor,0,0,0,0,0,473
47,2,4,12,1,1,Limited,Medium,Stables,Option A,1,0,0,1,0,1,0,4,1,1,Councillor,1,0,0,0,0,474
47,2,4,12,2,0,Residential,Low,Stables,Option B,0,1,0,0,1,1,0,4,1,1,Councillor,0,1,0,0,0,474
47,2,4,12,3,0,None,High,None,Status quo,0,0,0,0,0,0,0,4,1,1,Councillor,0,0,0,0,0,474
48,1,1,1,1,1,Residential,High,Stables & landscape,Option A,0,1,0,0,0,0,1,4,1,1,Councillor,0,0,0,0,0,481
48,1,1,1,2,0,Limited,Low,None,Option B,1,0,0,0,1,0,0,4,1,1,Councillor,0,0,0,0,0,481
48,1,1,1,3,0,None,High,None,Status quo,0,0,0,0,0,0,0,4,1,1,Councillor,0,0,0,0,0,481
48,1,2,4,1,1,Residential,High,Stables & landscape,Option A,0,1,0,0,0,0,1,4,1,1,Councillor,0,0,0,0,0,482
48,1,2,4,2,0,Commercial,Medium,None,Option B,0,0,1,1,0,0,0,4,1,1,Councillor,0,0,0,0,0,482
48,1,2,4,3,0,None,High,None,Status quo,0,0,0,0,0,0,0,4,1,1,Councillor,0,0,0,0,0,482
48,1,3,6,1,0,Residential,Low,None,Option A,0,1,0,0,1,0,0,4,1,1,Councillor,0,0,0,0,0,483
48,1,3,6,2,0,Limited,High,Stables & landscape,Option B,1,0,0,0,0,0,1,4,1,1,Councillor,0,0,0,0,0,483
48,1,3,6,3,1,None,High,None,Status quo,0,0,0,0,0,0,0,4,1,1,Councillor,0,0,0,0,0,483
48,1,4,9,1,1,Commercial,High,Stables & landscape,Option A,0,0,1,0,0,0,1,4,1,1,Councillor,0,0,0,0,0,484
48,1,4,9,2,0,Limited,Medium,Stables,Option B,1,0,0,1,0,1,0,4,1,1,Councillor,0,0,0,0,0,484
48,1,4,9,3,0,None,High,None,Status quo,0,0,0,0,0,0,0,4,1,1,Councillor,0,0,0,0,0,484
49,3,1,1,1,1,Residential,High,Stables & landscape,Option A,0,1,0,0,0,0,1,4,1,1,Councillor,0,1,0,0,0,491
49,3,1,1,2,0,Limited,Low,None,Option B,1,0,0,0,1,0,0,4,1,1,Councillor,1,0,0,0,1,491
49,3,1,1,3,0,None,High,None,Status quo,0,0,0,0,0,0,0,4,1,1,Councillor,0,0,0,0,0,491
49,3,2,2,1,0,Commercial,Low,None,Option A,0,0,1,0,1,0,0,4,1,1,Councillor,0,0,1,0,1,492
49,3,2,2,2,1,Residential,High,Stables & landscape,Option B,0,1,0,0,0,0,1,4,1,1,Councillor,0,1,0,0,0,492
49,3,2,2,3,0,None,High,None,Status quo,0,0,0,0,0,0,0,4,1,1,Councillor,0,0,0,0,0,492
49,3,3,3,1,0,Residential,Low,Stables & landscape,Option A,0,1,0,0,1,0,1,4,1,1,Councillor,0,1,0,0,1,493
49,3,3,3,2,1,Limited,Medium,Stables,Option B,1,0,0,1,0,1,0,4,1,1,Councillor,1,0,0,1,0,493
49,3,3,3,3,0,None,High,None,Status quo,0,0,0,0,0,0,0,4,1,1,Councillor,0,0,0,0,0,493
49,3,4,11,1,0,Residential,Low,None,Option A,0,1,0,0,1,0,0,4,1,1,Councillor,0,1,0,0,1,494
49,3,4,11,2,1,Commercial,High,Stables & landscape,Option B,0,0,1,0,0,0,1,4,1,1,Councillor,0,0,1,0,0,494
49,3,4,11,3,0,None,High,None,Status quo,0,0,0,0,0,0,0,4,1,1,Councillor,0,0,0,0,0,494
50,1,1,2,1,0,Commercial,Low,None,Option A,0,0,1,0,1,0,0,4,1,1,Councillor,0,0,0,0,0,501
50,1,1,2,2,1,Residential,High,Stables & landscape,Option B,0,1,0,0,0,0,1,4,1,1,Councillor,0,0,0,0,0,501
50,1,1,2,3,0,None,High,None,Status quo,0,0,0,0,0,0,0,4,1,1,Councillor,0,0,0,0,0,501
50,1,2,8,1,0,Limited,Medium,Stables,Option A,1,0,0,1,0,1,0,4,1,1,Councillor,0,0,0,0,0,502
50,1,2,8,2,1,Commercial,High,Stables,Option B,0,0,1,0,0,1,0,4,1,1,Councillor,0,0,0,0,0,502
50,1,2,8,3,0,None,High,None,Status quo,0,0,0,0,0,0,0,4,1,1,Councillor,0,0,0,0,0,502
50,1,3,10,1,0,Commercial,Low,None,Option A,0,0,1,0,1,0,0,4,1,1,Councillor,0,0,0,0,0,503
50,1,3,10,2,1,Limited,Medium,Stables,Option B,1,0,0,1,0,1,0,4,1,1,Councillor,0,0,0,0,0,503
50,1,3,10,3,0,None,High,None,Status quo,0,0,0,0,0,0,0,4,1,1,Councillor,0,0,0,0,0,503
50,1,4,11,1,0,Residential,Low,None,Option A,0,1,0,0,1,0,0,4,1,1,Councillor,0,0,0,0,0,504
50,1,4,11,2,1,Commercial,High,Stables & landscape,Option B,0,0,1,0,0,0,1,4,1,1,Councillor,0,0,0,0,0,504
50,1,4,11,3,0,None,High,None,Status quo,0,0,0,0,0,0,0,4,1,1,Councillor,0,0,0,0,0,504
51,2,1,2,1,0,Commercial,Low,None,Option A,0,0,1,0,1,0,0,4,1,1,Councillor,0,0,1,0,0,511
51,2,1,2,2,1,Residential,High,Stables & landscape,Option B,0,1,0,0,0,0,1,4,1,1,Councillor,0,1,0,0,0,511
51,2,1,2,3,0,None,High,None,Status quo,0,0,0,0,0,0,0,4,1,1,Councillor,0,0,0,0,0,511
51,2,2,4,1,1,Residential,High,Stables & landscape,Option A,0,1,0,0,0,0,1,4,1,1,Councillor,0,1,0,0,0,512
51,2,2,4,2,0,Commercial,Medium,None,Option B,0,0,1,1,0,0,0,4,1,1,Councillor,0,0,1,0,0,512
51,2,2,4,3,0,None,High,None,Status quo,0,0,0,0,0,0,0,4,1,1,Councillor,0,0,0,0,0,512
51,2,3,8,1,0,Limited,Medium,Stables,Option A,1,0,0,1,0,1,0,4,1,1,Councillor,1,0,0,0,0,513
51,2,3,8,2,1,Commercial,High,Stables,Option B,0,0,1,0,0,1,0,4,1,1,Councillor,0,0,1,0,0,513
51,2,3,8,3,0,None,High,None,Status quo,0,0,0,0,0,0,0,4,1,1,Councillor,0,0,0,0,0,513
51,2,4,11,1,0,Residential,Low,None,Option A,0,1,0,0,1,0,0,4,1,1,Councillor,0,1,0,0,0,514
51,2,4,11,2,1,Commercial,High,Stables & landscape,Option B,0,0,1,0,0,0,1,4,1,1,Councillor,0,0,1,0,0,514
51,2,4,11,3,0,None,High,None,Status quo,0,0,0,0,0,0,0,4,1,1,Councillor,0,0,0,0,0,514
52,2,1,1,1,1,Residential,High,Stables & landscape,Option A,0,1,0,0,0,0,1,4,1,0,Compliance staff,0,1,0,0,0,521
52,2,1,1,2,0,Limited,Low,None,Option B,1,0,0,0,1,0,0,4,1,0,Compliance staff,1,0,0,0,0,521
52,2,1,1,3,0,None,High,None,Status quo,0,0,0,0,0,0,0,4,1,0,Compliance staff,0,0,0,0,0,521
52,2,2,7,1,1,Commercial,High,Stables & landscape,Option A,0,0,1,0,0,0,1,4,1,0,Compliance staff,0,0,1,0,0,522
52,2,2,7,2,0,Residential,Medium,Stables & landscape,Option B,0,1,0,1,0,0,1,4,1,0,Compliance staff,0,1,0,0,0,522
52,2,2,7,3,0,None,High,None,Status quo,0,0,0,0,0,0,0,4,1,0,Compliance staff,0,0,0,0,0,522
52,2,3,9,1,1,Commercial,High,Stables & landscape,Option A,0,0,1,0,0,0,1,4,1,0,Compliance staff,0,0,1,0,0,523
52,2,3,9,2,0,Limited,Medium,Stables,Option B,1,0,0,1,0,1,0,4,1,0,Compliance staff,1,0,0,0,0,523
52,2,3,9,3,0,None,High,None,Status quo,0,0,0,0,0,0,0,4,1,0,Compliance staff,0,0,0,0,0,523
52,2,4,10,1,0,Commercial,Low,None,Option A,0,0,1,0,1,0,0,4,1,0,Compliance staff,0,0,1,0,0,524
52,2,4,10,2,1,Limited,Medium,Stables,Option B,1,0,0,1,0,1,0,4,1,0,Compliance staff,1,0,0,0,0,524
52,2,4,10,3,0,None,High,None,Status quo,0,0,0,0,0,0,0,4,1,0,Compliance staff,0,0,0,0,0,524
53,1,1,3,1,0,Residential,Low,Stables & landscape,Option A,0,1,0,0,1,0,1,4,1,1,Councillor,0,0,0,0,0,531
53,1,1,3,2,1,Limited,Medium,Stables,Option B,1,0,0,1,0,1,0,4,1,1,Councillor,0,0,0,0,0,531
53,1,1,3,3,0,None,High,None,Status quo,0,0,0,0,0,0,0,4,1,1,Councillor,0,0,0,0,0,531
53,1,2,7,1,1,Commercial,High,Stables & landscape,Option A,0,0,1,0,0,0,1,4,1,1,Councillor,0,0,0,0,0,532
53,1,2,7,2,0,Residential,Medium,Stables & landscape,Option B,0,1,0,1,0,0,1,4,1,1,Councillor,0,0,0,0,0,532
53,1,2,7,3,0,None,High,None,Status quo,0,0,0,0,0,0,0,4,1,1,Councillor,0,0,0,0,0,532
53,1,3,9,1,1,Commercial,High,Stables & landscape,Option A,0,0,1,0,0,0,1,4,1,1,Councillor,0,0,0,0,0,533
53,1,3,9,2,0,Limited,Medium,Stables,Option B,1,0,0,1,0,1,0,4,1,1,Councillor,0,0,0,0,0,533
53,1,3,9,3,0,None,High,None,Status quo,0,0,0,0,0,0,0,4,1,1,Councillor,0,0,0,0,0,533
53,1,4,12,1,1,Limited,Medium,Stables,Option A,1,0,0,1,0,1,0,4,1,1,Councillor,0,0,0,0,0,534
53,1,4,12,2,0,Residential,Low,Stables,Option B,0,1,0,0,1,1,0,4,1,1,Councillor,0,0,0,0,0,534
53,1,4,12,3,0,None,High,None,Status quo,0,0,0,0,0,0,0,4,1,1,Councillor,0,0,0,0,0,534
54,3,1,4,1,1,Residential,High,Stables & landscape,Option A,0,1,0,0,0,0,1,4,1,1,Councillor,0,1,0,0,0,541
54,3,1,4,2,0,Commercial,Medium,None,Option B,0,0,1,1,0,0,0,4,1,1,Councillor,0,0,1,1,0,541
54,3,1,4,3,0,None,High,None,Status quo,0,0,0,0,0,0,0,4,1,1,Councillor,0,0,0,0,0,541
54,3,2,6,1,0,Residential,Low,None,Option A,0,1,0,0,1,0,0,4,1,1,Councillor,0,1,0,0,1,542
54,3,2,6,2,1,Limited,High,Stables & landscape,Option B,1,0,0,0,0,0,1,4,1,1,Councillor,1,0,0,0,0,542
54,3,2,6,3,0,None,High,None,Status quo,0,0,0,0,0,0,0,4,1,1,Councillor,0,0,0,0,0,542
54,3,3,8,1,0,Limited,Medium,Stables,Option A,1,0,0,1,0,1,0,4,1,1,Councillor,1,0,0,1,0,543
54,3,3,8,2,1,Commercial,High,Stables,Option B,0,0,1,0,0,1,0,4,1,1,Councillor,0,0,1,0,0,543
54,3,3,8,3,0,None,High,None,Status quo,0,0,0,0,0,0,0,4,1,1,Councillor,0,0,0,0,0,543
54,3,4,12,1,1,Limited,Medium,Stables,Option A,1,0,0,1,0,1,0,4,1,1,Councillor,1,0,0,1,0,544
54,3,4,12,2,0,Residential,Low,Stables,Option B,0,1,0,0,1,1,0,4,1,1,Councillor,0,1,0,0,1,544
54,3,4,12,3,0,None,High,None,Status quo,0,0,0,0,0,0,0,4,1,1,Councillor,0,0,0,0,0,544
55,1,1,1,1,0,Residential,High,Stables & landscape,Option A,0,1,0,0,0,0,1,4,1,0,Not answered,0,0,0,0,0,551
55,1,1,1,2,1,Limited,Low,None,Option B,1,0,0,0,1,0,0,4,1,0,Not answered,0,0,0,0,0,551
55,1,1,1,3,0,None,High,None,Status quo,0,0,0,0,0,0,0,4,1,0,Not answered,0,0,0,0,0,551
55,1,2,4,1,0,Residential,High,Stables & landscape,Option A,0,1,0,0,0,0,1,4,1,0,Not answered,0,0,0,0,0,552
55,1,2,4,2,1,Commercial,Medium,None,Option B,0,0,1,1,0,0,0,4,1,0,Not answered,0,0,0,0,0,552
55,1,2,4,3,0,None,High,None,Status quo,0,0,0,0,0,0,0,4,1,0,Not answered,0,0,0,0,0,552
55,1,3,5,1,0,Limited,Medium,Stables,Option A,1,0,0,1,0,1,0,4,1,0,Not answered,0,0,0,0,0,553
55,1,3,5,2,1,Residential,Medium,Stables & landscape,Option B,0,1,0,1,0,0,1,4,1,0,Not answered,0,0,0,0,0,553
55,1,3,5,3,0,None,High,None,Status quo,0,0,0,0,0,0,0,4,1,0,Not answered,0,0,0,0,0,553
55,1,4,6,1,0,Residential,Low,None,Option A,0,1,0,0,1,0,0,4,1,0,Not answered,0,0,0,0,0,554
55,1,4,6,2,1,Limited,High,Stables & landscape,Option B,1,0,0,0,0,0,1,4,1,0,Not answered,0,0,0,0,0,554
55,1,4,6,3,0,None,High,None,Status quo,0,0,0,0,0,0,0,4,1,0,Not answered,0,0,0,0,0,554
56,3,1,1,1,1,Residential,High,Stables & landscape,Option A,0,1,0,0,0,0,1,4,1,0,Compliance staff,0,1,0,0,0,561
56,3,1,1,2,0,Limited,Low,None,Option B,1,0,0,0,1,0,0,4,1,0,Compliance staff,1,0,0,0,1,561
56,3,1,1,3,0,None,High,None,Status quo,0,0,0,0,0,0,0,4,1,0,Compliance staff,0,0,0,0,0,561
56,3,2,4,1,1,Residential,High,Stables & landscape,Option A,0,1,0,0,0,0,1,4,1,0,Compliance staff,0,1,0,0,0,562
56,3,2,4,2,0,Commercial,Medium,None,Option B,0,0,1,1,0,0,0,4,1,0,Compliance staff,0,0,1,1,0,562
56,3,2,4,3,0,None,High,None,Status quo,0,0,0,0,0,0,0,4,1,0,Compliance staff,0,0,0,0,0,562
56,3,3,6,1,0,Residential,Low,None,Option A,0,1,0,0,1,0,0,4,1,0,Compliance staff,0,1,0,0,1,563
56,3,3,6,2,1,Limited,High,Stables & landscape,Option B,1,0,0,0,0,0,1,4,1,0,Compliance staff,1,0,0,0,0,563
56,3,3,6,3,0,None,High,None,Status quo,0,0,0,0,0,0,0,4,1,0,Compliance staff,0,0,0,0,0,563
56,3,4,11,1,0,Residential,Low,None,Option A,0,1,0,0,1,0,0,4,1,0,Compliance staff,0,1,0,0,1,564
56,3,4,11,2,1,Commercial,High,Stables & landscape,Option B,0,0,1,0,0,0,1,4,1,0,Compliance staff,0,0,1,0,0,564
56,3,4,11,3,0,None,High,None,Status quo,0,0,0,0,0,0,0,4,1,0,Compliance staff,0,0,0,0,0,564
57,2,1,7,1,0,Commercial,High,Stables & landscape,Option A,0,0,1,0,0,0,1,4,1,0,Science staff,0,0,1,0,0,571
57,2,1,7,2,0,Residential,Medium,Stables & landscape,Option B,0,1,0,1,0,0,1,4,1,0,Science staff,0,1,0,0,0,571
57,2,1,7,3,1,None,High,None,Status quo,0,0,0,0,0,0,0,4,1,0,Science staff,0,0,0,0,0,571
57,2,2,8,1,0,Limited,Medium,Stables,Option A,1,0,0,1,0,1,0,4,1,0,Science staff,1,0,0,0,0,572
57,2,2,8,2,1,Commercial,High,Stables,Option B,0,0,1,0,0,1,0,4,1,0,Science staff,0,0,1,0,0,572
57,2,2,8,3,0,None,High,None,Status quo,0,0,0,0,0,0,0,4,1,0,Science staff,0,0,0,0,0,572
57,2,3,10,1,0,Commercial,Low,None,Option A,0,0,1,0,1,0,0,4,1,0,Science staff,0,0,1,0,0,573
57,2,3,10,2,0,Limited,Medium,Stables,Option B,1,0,0,1,0,1,0,4,1,0,Science staff,1,0,0,0,0,573
57,2,3,10,3,1,None,High,None,Status quo,0,0,0,0,0,0,0,4,1,0,Science staff,0,0,0,0,0,573
57,2,4,12,1,0,Limited,Medium,Stables,Option A,1,0,0,1,0,1,0,4,1,0,Science staff,1,0,0,0,0,574
57,2,4,12,2,0,Residential,Low,Stables,Option B,0,1,0,0,1,1,0,4,1,0,Science staff,0,1,0,0,0,574
57,2,4,12,3,1,None,High,None,Status quo,0,0,0,0,0,0,0,4,1,0,Science staff,0,0,0,0,0,574
58,2,1,3,1,0,Residential,Low,Stables & landscape,Option A,0,1,0,0,1,0,1,4,1,1,Councillor,0,1,0,0,0,581
58,2,1,3,2,1,Limited,Medium,Stables,Option B,1,0,0,1,0,1,0,4,1,1,Councillor,1,0,0,0,0,581
58,2,1,3,3,0,None,High,None,Status quo,0,0,0,0,0,0,0,4,1,1,Councillor,0,0,0,0,0,581
58,2,2,4,1,1,Residential,High,Stables & landscape,Option A,0,1,0,0,0,0,1,4,1,1,Councillor,0,1,0,0,0,582
58,2,2,4,2,0,Commercial,Medium,None,Option B,0,0,1,1,0,0,0,4,1,1,Councillor,0,0,1,0,0,582
58,2,2,4,3,0,None,High,None,Status quo,0,0,0,0,0,0,0,4,1,1,Councillor,0,0,0,0,0,582
58,2,3,5,1,0,Limited,Medium,Stables,Option A,1,0,0,1,0,1,0,4,1,1,Councillor,1,0,0,0,0,583
58,2,3,5,2,1,Residential,Medium,Stables & landscape,Option B,0,1,0,1,0,0,1,4,1,1,Councillor,0,1,0,0,0,583
58,2,3,5,3,0,None,High,None,Status quo,0,0,0,0,0,0,0,4,1,1,Councillor,0,0,0,0,0,583
58,2,4,11,1,0,Residential,Low,None,Option A,0,1,0,0,1,0,0,4,1,1,Councillor,0,1,0,0,0,584
58,2,4,11,2,1,Commercial,High,Stables & landscape,Option B,0,0,1,0,0,0,1,4,1,1,Councillor,0,0,1,0,0,584
58,2,4,11,3,0,None,High,None,Status quo,0,0,0,0,0,0,0,4,1,1,Councillor,0,0,0,0,0,584
59,3,1,7,1,1,Commercial,High,Stables & landscape,Option A,0,0,1,0,0,0,1,4,1,1,Councillor,0,0,1,0,0,591
59,3,1,7,2,0,Residential,Medium,Stables & landscape,Option B,0,1,0,1,0,0,1,4,1,1,Councillor,0,1,0,1,0,591
59,3,1,7,3,0,None,High,None,Status quo,0,0,0,0,0,0,0,4,1,1,Councillor,0,0,0,0,0,591
59,3,2,8,1,0,Limited,Medium,Stables,Option A,1,0,0,1,0,1,0,4,1,1,Councillor,1,0,0,1,0,592
59,3,2,8,2,1,Commercial,High,Stables,Option B,0,0,1,0,0,1,0,4,1,1,Councillor,0,0,1,0,0,592
59,3,2,8,3,0,None,High,None,Status quo,0,0,0,0,0,0,0,4,1,1,Councillor,0,0,0,0,0,592
59,3,3,9,1,1,Commercial,High,Stables & landscape,Option A,0,0,1,0,0,0,1,4,1,1,Councillor,0,0,1,0,0,593
59,3,3,9,2,0,Limited,Medium,Stables,Option B,1,0,0,1,0,1,0,4,1,1,Councillor,1,0,0,1,0,593
59,3,3,9,3,0,None,High,None,Status quo,0,0,0,0,0,0,0,4,1,1,Councillor,0,0,0,0,0,593
59,3,4,10,1,0,Commercial,Low,None,Option A,0,0,1,0,1,0,0,4,1,1,Councillor,0,0,1,0,1,594
59,3,4,10,2,0,Limited,Medium,Stables,Option B,1,0,0,1,0,1,0,4,1,1,Councillor,1,0,0,1,0,594
59,3,4,10,3,1,None,High,None,Status quo,0,0,0,0,0,0,0,4,1,1,Councillor,0,0,0,0,0,594
60,2,1,2,1,0,Commercial,Low,None,Option A,0,0,1,0,1,0,0,3,0,0,Compliance staff,0,0,1,0,0,601
60,2,1,2,2,1,Residential,High,Stables & landscape,Option B,0,1,0,0,0,0,1,3,0,0,Compliance staff,0,1,0,0,0,601
60,2,1,2,3,0,None,High,None,Status quo,0,0,0,0,0,0,0,3,0,0,Compliance staff,0,0,0,0,0,601
60,2,2,2,1,0,Commercial,Low,None,Option A,0,0,1,0,1,0,0,3,0,0,Compliance staff,0,0,1,0,0,602
60,2,2,2,2,1,Residential,High,Stables & landscape,Option B,0,1,0,0,0,0,1,3,0,0,Compliance staff,0,1,0,0,0,602
60,2,2,2,3,0,None,High,None,Status quo,0,0,0,0,0,0,0,3,0,0,Compliance staff,0,0,0,0,0,602
60,2,3,9,1,0,Commercial,High,Stables & landscape,Option A,0,0,1,0,0,0,1,3,0,0,Compliance staff,0,0,1,0,0,603
60,2,3,9,2,1,Limited,Medium,Stables,Option B,1,0,0,1,0,1,0,3,0,0,Compliance staff,1,0,0,0,0,603
60,2,3,9,3,0,None,High,None,Status quo,0,0,0,0,0,0,0,3,0,0,Compliance staff,0,0,0,0,0,603
60,2,4,11,1,0,Residential,Low,None,Option A,0,1,0,0,1,0,0,3,0,0,Compliance staff,0,1,0,0,0,604
60,2,4,11,2,1,Commercial,High,Stables & landscape,Option B,0,0,1,0,0,0,1,3,0,0,Compliance staff,0,0,1,0,0,604
60,2,4,11,3,0,None,High,None,Status quo,0,0,0,0,0,0,0,3,0,0,Compliance staff,0,0,0,0,0,604
61,2,1,1,1,1,Residential,High,Stables & landscape,Option A,0,1,0,0,0,0,1,4,1,1,Councillor,0,1,0,0,0,611
61,2,1,1,2,0,Limited,Low,None,Option B,1,0,0,0,1,0,0,4,1,1,Councillor,1,0,0,0,0,611
61,2,1,1,3,0,None,High,None,Status quo,0,0,0,0,0,0,0,4,1,1,Councillor,0,0,0,0,0,611
61,2,2,5,1,0,Limited,Medium,Stables,Option A,1,0,0,1,0,1,0,4,1,1,Councillor,1,0,0,0,0,612
61,2,2,5,2,1,Residential,Medium,Stables & landscape,Option B,0,1,0,1,0,0,1,4,1,1,Councillor,0,1,0,0,0,612
61,2,2,5,3,0,None,High,None,Status quo,0,0,0,0,0,0,0,4,1,1,Councillor,0,0,0,0,0,612
61,2,3,6,1,0,Residential,Low,None,Option A,0,1,0,0,1,0,0,4,1,1,Councillor,0,1,0,0,0,613
61,2,3,6,2,1,Limited,High,Stables & landscape,Option B,1,0,0,0,0,0,1,4,1,1,Councillor,1,0,0,0,0,613
61,2,3,6,3,0,None,High,None,Status quo,0,0,0,0,0,0,0,4,1,1,Councillor,0,0,0,0,0,613
61,2,4,10,1,0,Commercial,Low,None,Option A,0,0,1,0,1,0,0,4,1,1,Councillor,0,0,1,0,0,614
61,2,4,10,2,1,Limited,Medium,Stables,Option B,1,0,0,1,0,1,0,4,1,1,Councillor,1,0,0,0,0,614
61,2,4,10,3,0,None,High,None,Status quo,0,0,0,0,0,0,0,4,1,1,Councillor,0,0,0,0,0,614
62,1,1,1,1,0,Residential,High,Stables & landscape,Option A,0,1,0,0,0,0,1,4,1,0,Compliance staff,0,0,0,0,0,621
62,1,1,1,2,0,Limited,Low,None,Option B,1,0,0,0,1,0,0,4,1,0,Compliance staff,0,0,0,0,0,621
62,1,1,1,3,1,None,High,None,Status quo,0,0,0,0,0,0,0,4,1,0,Compliance staff,0,0,0,0,0,621
62,1,2,4,1,0,Residential,High,Stables & landscape,Option A,0,1,0,0,0,0,1,4,1,0,Compliance staff,0,0,0,0,0,622
62,1,2,4,2,0,Commercial,Medium,None,Option B,0,0,1,1,0,0,0,4,1,0,Compliance staff,0,0,0,0,0,622
62,1,2,4,3,1,None,High,None,Status quo,0,0,0,0,0,0,0,4,1,0,Compliance staff,0,0,0,0,0,622
62,1,3,5,1,0,Limited,Medium,Stables,Option A,1,0,0,1,0,1,0,4,1,0,Compliance staff,0,0,0,0,0,623
62,1,3,5,2,0,Residential,Medium,Stables & landscape,Option B,0,1,0,1,0,0,1,4,1,0,Compliance staff,0,0,0,0,0,623
62,1,3,5,3,1,None,High,None,Status quo,0,0,0,0,0,0,0,4,1,0,Compliance staff,0,0,0,0,0,623
62,1,4,10,1,0,Commercial,Low,None,Option A,0,0,1,0,1,0,0,4,1,0,Compliance staff,0,0,0,0,0,624
62,1,4,10,2,0,Limited,Medium,Stables,Option B,1,0,0,1,0,1,0,4,1,0,Compliance staff,0,0,0,0,0,624
62,1,4,10,3,1,None,High,None,Status quo,0,0,0,0,0,0,0,4,1,0,Compliance staff,0,0,0,0,0,624
63,3,1,2,1,0,Commercial,Low,None,Option A,0,0,1,0,1,0,0,4,1,1,Councillor,0,0,1,0,1,631
63,3,1,2,2,1,Residential,High,Stables & landscape,Option B,0,1,0,0,0,0,1,4,1,1,Councillor,0,1,0,0,0,631
63,3,1,2,3,0,None,High,None,Status quo,0,0,0,0,0,0,0,4,1,1,Councillor,0,0,0,0,0,631
63,3,2,3,1,0,Residential,Low,Stables & landscape,Option A,0,1,0,0,1,0,1,4,1,1,Councillor,0,1,0,0,1,632
63,3,2,3,2,1,Limited,Medium,Stables,Option B,1,0,0,1,0,1,0,4,1,1,Councillor,1,0,0,1,0,632
63,3,2,3,3,0,None,High,None,Status quo,0,0,0,0,0,0,0,4,1,1,Councillor,0,0,0,0,0,632
63,3,3,5,1,1,Limited,Medium,Stables,Option A,1,0,0,1,0,1,0,4,1,1,Councillor,1,0,0,1,0,633
63,3,3,5,2,0,Residential,Medium,Stables & landscape,Option B,0,1,0,1,0,0,1,4,1,1,Councillor,0,1,0,1,0,633
63,3,3,5,3,0,None,High,None,Status quo,0,0,0,0,0,0,0,4,1,1,Councillor,0,0,0,0,0,633
63,3,4,12,1,1,Limited,Medium,Stables,Option A,1,0,0,1,0,1,0,4,1,1,Councillor,1,0,0,1,0,634
63,3,4,12,2,0,Residential,Low,Stables,Option B,0,1,0,0,1,1,0,4,1,1,Councillor,0,1,0,0,1,634
63,3,4,12,3,0,None,High,None,Status quo,0,0,0,0,0,0,0,4,1,1,Councillor,0,0,0,0,0,634
64,3,1,1,1,1,Residential,High,Stables & landscape,Option A,0,1,0,0,0,0,1,4,1,1,Councillor,0,1,0,0,0,641
64,3,1,1,2,0,Limited,Low,None,Option B,1,0,0,0,1,0,0,4,1,1,Councillor,1,0,0,0,1,641
64,3,1,1,3,0,None,High,None,Status quo,0,0,0,0,0,0,0,4,1,1,Councillor,0,0,0,0,0,641
64,3,2,4,1,1,Residential,High,Stables & landscape,Option A,0,1,0,0,0,0,1,4,1,1,Councillor,0,1,0,0,0,642
64,3,2,4,2,0,Commercial,Medium,None,Option B,0,0,1,1,0,0,0,4,1,1,Councillor,0,0,1,1,0,642
64,3,2,4,3,0,None,High,None,Status quo,0,0,0,0,0,0,0,4,1,1,Councillor,0,0,0,0,0,642
64,3,3,7,1,1,Commercial,High,Stables & landscape,Option A,0,0,1,0,0,0,1,4,1,1,Councillor,0,0,1,0,0,643
64,3,3,7,2,0,Residential,Medium,Stables & landscape,Option B,0,1,0,1,0,0,1,4,1,1,Councillor,0,1,0,1,0,643
64,3,3,7,3,0,None,High,None,Status quo,0,0,0,0,0,0,0,4,1,1,Councillor,0,0,0,0,0,643
64,3,4,12,1,0,Limited,Medium,Stables,Option A,1,0,0,1,0,1,0,4,1,1,Councillor,1,0,0,1,0,644
64,3,4,12,2,0,Residential,Low,Stables,Option B,0,1,0,0,1,1,0,4,1,1,Councillor,0,1,0,0,1,644
64,3,4,12,3,1,None,High,None,Status quo,0,0,0,0,0,0,0,4,1,1,Councillor,0,0,0,0,0,644
65,3,1,2,1,0,Commercial,Low,None,Option A,0,0,1,0,1,0,0,4,1,1,Councillor,0,0,1,0,1,651
65,3,1,2,2,1,Residential,High,Stables & landscape,Option B,0,1,0,0,0,0,1,4,1,1,Councillor,0,1,0,0,0,651
65,3,1,2,3,0,None,High,None,Status quo,0,0,0,0,0,0,0,4,1,1,Councillor,0,0,0,0,0,651
65,3,2,5,1,0,Limited,Medium,Stables,Option A,1,0,0,1,0,1,0,4,1,1,Councillor,1,0,0,1,0,652
65,3,2,5,2,1,Residential,Medium,Stables & landscape,Option B,0,1,0,1,0,0,1,4,1,1,Councillor,0,1,0,1,0,652
65,3,2,5,3,0,None,High,None,Status quo,0,0,0,0,0,0,0,4,1,1,Councillor,0,0,0,0,0,652
65,3,3,8,1,0,Limited,Medium,Stables,Option A,1,0,0,1,0,1,0,4,1,1,Councillor,1,0,0,1,0,653
65,3,3,8,2,1,Commercial,High,Stables,Option B,0,0,1,0,0,1,0,4,1,1,Councillor,0,0,1,0,0,653
65,3,3,8,3,0,None,High,None,Status quo,0,0,0,0,0,0,0,4,1,1,Councillor,0,0,0,0,0,653
65,3,4,9,1,1,Commercial,High,Stables & landscape,Option A,0,0,1,0,0,0,1,4,1,1,Councillor,0,0,1,0,0,654
65,3,4,9,2,0,Limited,Medium,Stables,Option B,1,0,0,1,0,1,0,4,1,1,Councillor,1,0,0,1,0,654
65,3,4,9,3,0,None,High,None,Status quo,0,0,0,0,0,0,0,4,1,1,Councillor,0,0,0,0,0,654
66,1,1,2,1,0,Commercial,Low,None,Option A,0,0,1,0,1,0,0,4,1,1,Councillor,0,0,0,0,0,661
66,1,1,2,2,1,Residential,High,Stables & landscape,Option B,0,1,0,0,0,0,1,4,1,1,Councillor,0,0,0,0,0,661
66,1,1,2,3,0,None,High,None,Status quo,0,0,0,0,0,0,0,4,1,1,Councillor,0,0,0,0,0,661
66,1,2,5,1,0,Limited,Medium,Stables,Option A,1,0,0,1,0,1,0,4,1,1,Councillor,0,0,0,0,0,662
66,1,2,5,2,0,Residential,Medium,Stables & landscape,Option B,0,1,0,1,0,0,1,4,1,1,Councillor,0,0,0,0,0,662
66,1,2,5,3,1,None,High,None,Status quo,0,0,0,0,0,0,0,4,1,1,Councillor,0,0,0,0,0,662
66,1,3,9,1,1,Commercial,High,Stables & landscape,Option A,0,0,1,0,0,0,1,4,1,1,Councillor,0,0,0,0,0,663
66,1,3,9,2,0,Limited,Medium,Stables,Option B,1,0,0,1,0,1,0,4,1,1,Councillor,0,0,0,0,0,663
66,1,3,9,3,0,None,High,None,Status quo,0,0,0,0,0,0,0,4,1,1,Councillor,0,0,0,0,0,663
66,1,4,11,1,0,Residential,Low,None,Option A,0,1,0,0,1,0,0,4,1,1,Councillor,0,0,0,0,0,664
66,1,4,11,2,1,Commercial,High,Stables & landscape,Option B,0,0,1,0,0,0,1,4,1,1,Councillor,0,0,0,0,0,664
66,1,4,11,3,0,None,High,None,Status quo,0,0,0,0,0,0,0,4,1,1,Councillor,0,0,0,0,0,664
67,1,1,4,1,0,Residential,High,Stables & landscape,Option A,0,1,0,0,0,0,1,4,1,1,Councillor,0,0,0,0,0,671
67,1,1,4,2,0,Commercial,Medium,None,Option B,0,0,1,1,0,0,0,4,1,1,Councillor,0,0,0,0,0,671
67,1,1,4,3,1,None,High,None,Status quo,0,0,0,0,0,0,0,4,1,1,Councillor,0,0,0,0,0,671
67,1,2,6,1,0,Residential,Low,None,Option A,0,1,0,0,1,0,0,4,1,1,Councillor,0,0,0,0,0,672
67,1,2,6,2,0,Limited,High,Stables & landscape,Option B,1,0,0,0,0,0,1,4,1,1,Councillor,0,0,0,0,0,672
67,1,2,6,3,1,None,High,None,Status quo,0,0,0,0,0,0,0,4,1,1,Councillor,0,0,0,0,0,672
67,1,3,7,1,0,Commercial,High,Stables & landscape,Option A,0,0,1,0,0,0,1,4,1,1,Councillor,0,0,0,0,0,673
67,1,3,7,2,0,Residential,Medium,Stables & landscape,Option B,0,1,0,1,0,0,1,4,1,1,Councillor,0,0,0,0,0,673
67,1,3,7,3,1,None,High,None,Status quo,0,0,0,0,0,0,0,4,1,1,Councillor,0,0,0,0,0,673
67,1,4,8,1,0,Limited,Medium,Stables,Option A,1,0,0,1,0,1,0,4,1,1,Councillor,0,0,0,0,0,674
67,1,4,8,2,0,Commercial,High,Stables,Option B,0,0,1,0,0,1,0,4,1,1,Councillor,0,0,0,0,0,674
67,1,4,8,3,1,None,High,None,Status quo,0,0,0,0,0,0,0,4,1,1,Councillor,0,0,0,0,0,674
68,2,1,2,1,0,Commercial,Low,None,Option A,0,0,1,0,1,0,0,4,1,1,Councillor,0,0,1,0,0,681
68,2,1,2,2,1,Residential,High,Stables & landscape,Option B,0,1,0,0,0,0,1,4,1,1,Councillor,0,1,0,0,0,681
68,2,1,2,3,0,None,High,None,Status quo,0,0,0,0,0,0,0,4,1,1,Councillor,0,0,0,0,0,681
68,2,2,6,1,0,Residential,Low,None,Option A,0,1,0,0,1,0,0,4,1,1,Councillor,0,1,0,0,0,682
68,2,2,6,2,1,Limited,High,Stables & landscape,Option B,1,0,0,0,0,0,1,4,1,1,Councillor,1,0,0,0,0,682
68,2,2,6,3,0,None,High,None,Status quo,0,0,0,0,0,0,0,4,1,1,Councillor,0,0,0,0,0,682
68,2,3,8,1,0,Limited,Medium,Stables,Option A,1,0,0,1,0,1,0,4,1,1,Councillor,1,0,0,0,0,683
68,2,3,8,2,1,Commercial,High,Stables,Option B,0,0,1,0,0,1,0,4,1,1,Councillor,0,0,1,0,0,683
68,2,3,8,3,0,None,High,None,Status quo,0,0,0,0,0,0,0,4,1,1,Councillor,0,0,0,0,0,683
68,2,4,9,1,1,Commercial,High,Stables & landscape,Option A,0,0,1,0,0,0,1,4,1,1,Councillor,0,0,1,0,0,684
68,2,4,9,2,0,Limited,Medium,Stables,Option B,1,0,0,1,0,1,0,4,1,1,Councillor,1,0,0,0,0,684
68,2,4,9,3,0,None,High,None,Status quo,0,0,0,0,0,0,0,4,1,1,Councillor,0,0,0,0,0,684
69,3,1,3,1,0,Residential,Low,Stables & landscape,Option A,0,1,0,0,1,0,1,4,1,1,Councillor,0,1,0,0,1,691
69,3,1,3,2,0,Limited,Medium,Stables,Option B,1,0,0,1,0,1,0,4,1,1,Councillor,1,0,0,1,0,691
69,3,1,3,3,1,None,High,None,Status quo,0,0,0,0,0,0,0,4,1,1,Councillor,0,0,0,0,0,691
69,3,2,6,1,0,Residential,Low,None,Option A,0,1,0,0,1,0,0,4,1,1,Councillor,0,1,0,0,1,692
69,3,2,6,2,0,Limited,High,Stables & landscape,Option B,1,0,0,0,0,0,1,4,1,1,Councillor,1,0,0,0,0,692
69,3,2,6,3,1,None,High,None,Status quo,0,0,0,0,0,0,0,4,1,1,Councillor,0,0,0,0,0,692
69,3,3,10,1,0,Commercial,Low,None,Option A,0,0,1,0,1,0,0,4,1,1,Councillor,0,0,1,0,1,693
69,3,3,10,2,0,Limited,Medium,Stables,Option B,1,0,0,1,0,1,0,4,1,1,Councillor,1,0,0,1,0,693
69,3,3,10,3,1,None,High,None,Status quo,0,0,0,0,0,0,0,4,1,1,Councillor,0,0,0,0,0,693
69,3,4,11,1,0,Residential,Low,None,Option A,0,1,0,0,1,0,0,4,1,1,Councillor,0,1,0,0,1,694
69,3,4,11,2,0,Commercial,High,Stables & landscape,Option B,0,0,1,0,0,0,1,4,1,1,Councillor,0,0,1,0,0,694
69,3,4,11,3,1,None,High,None,Status quo,0,0,0,0,0,0,0,4,1,1,Councillor,0,0,0,0,0,694
70,2,1,3,1,0,Residential,Low,Stables & landscape,Option A,0,1,0,0,1,0,1,4,1,1,Councillor,0,1,0,0,0,701
70,2,1,3,2,1,Limited,Medium,Stables,Option B,1,0,0,1,0,1,0,4,1,1,Councillor,1,0,0,0,0,701
70,2,1,3,3,0,None,High,None,Status quo,0,0,0,0,0,0,0,4,1,1,Councillor,0,0,0,0,0,701
70,2,2,4,1,0,Residential,High,Stables & landscape,Option A,0,1,0,0,0,0,1,4,1,1,Councillor,0,1,0,0,0,702
70,2,2,4,2,1,Commercial,Medium,None,Option B,0,0,1,1,0,0,0,4,1,1,Councillor,0,0,1,0,0,702
70,2,2,4,3,0,None,High,None,Status quo,0,0,0,0,0,0,0,4,1,1,Councillor,0,0,0,0,0,702
70,2,3,8,1,0,Limited,Medium,Stables,Option A,1,0,0,1,0,1,0,4,1,1,Councillor,1,0,0,0,0,703
70,2,3,8,2,1,Commercial,High,Stables,Option B,0,0,1,0,0,1,0,4,1,1,Councillor,0,0,1,0,0,703
70,2,3,8,3,0,None,High,None,Status quo,0,0,0,0,0,0,0,4,1,1,Councillor,0,0,0,0,0,703
70,2,4,9,1,1,Commercial,High,Stables & landscape,Option A,0,0,1,0,0,0,1,4,1,1,Councillor,0,0,1,0,0,704
70,2,4,9,2,0,Limited,Medium,Stables,Option B,1,0,0,1,0,1,0,4,1,1,Councillor,1,0,0,0,0,704
70,2,4,9,3,0,None,High,None,Status quo,0,0,0,0,0,0,0,4,1,1,Councillor,0,0,0,0,0,704
71,2,1,2,1,0,Commercial,Low,None,Option A,0,0,1,0,1,0,0,4,1,1,Councillor,0,0,1,0,0,711
71,2,1,2,2,1,Residential,High,Stables & landscape,Option B,0,1,0,0,0,0,1,4,1,1,Councillor,0,1,0,0,0,711
71,2,1,2,3,0,None,High,None,Status quo,0,0,0,0,0,0,0,4,1,1,Councillor,0,0,0,0,0,711
71,2,2,3,1,0,Residential,Low,Stables & landscape,Option A,0,1,0,0,1,0,1,4,1,1,Councillor,0,1,0,0,0,712
71,2,2,3,2,0,Limited,Medium,Stables,Option B,1,0,0,1,0,1,0,4,1,1,Councillor,1,0,0,0,0,712
71,2,2,3,3,1,None,High,None,Status quo,0,0,0,0,0,0,0,4,1,1,Councillor,0,0,0,0,0,712
71,2,3,8,1,0,Limited,Medium,Stables,Option A,1,0,0,1,0,1,0,4,1,1,Councillor,1,0,0,0,0,713
71,2,3,8,2,1,Commercial,High,Stables,Option B,0,0,1,0,0,1,0,4,1,1,Councillor,0,0,1,0,0,713
71,2,3,8,3,0,None,High,None,Status quo,0,0,0,0,0,0,0,4,1,1,Councillor,0,0,0,0,0,713
71,2,4,9,1,1,Commercial,High,Stables & landscape,Option A,0,0,1,0,0,0,1,4,1,1,Councillor,0,0,1,0,0,714
71,2,4,9,2,0,Limited,Medium,Stables,Option B,1,0,0,1,0,1,0,4,1,1,Councillor,1,0,0,0,0,714
71,2,4,9,3,0,None,High,None,Status quo,0,0,0,0,0,0,0,4,1,1,Councillor,0,0,0,0,0,714
72,3,1,1,1,1,Residential,High,Stables & landscape,Option A,0,1,0,0,0,0,1,4,1,0,Policy staff,0,1,0,0,0,721
72,3,1,1,2,0,Limited,Low,None,Option B,1,0,0,0,1,0,0,4,1,0,Policy staff,1,0,0,0,1,721
72,3,1,1,3,0,None,High,None,Status quo,0,0,0,0,0,0,0,4,1,0,Policy staff,0,0,0,0,0,721
72,3,2,8,1,0,Limited,Medium,Stables,Option A,1,0,0,1,0,1,0,4,1,0,Policy staff,1,0,0,1,0,722
72,3,2,8,2,1,Commercial,High,Stables,Option B,0,0,1,0,0,1,0,4,1,0,Policy staff,0,0,1,0,0,722
72,3,2,8,3,0,None,High,None,Status quo,0,0,0,0,0,0,0,4,1,0,Policy staff,0,0,0,0,0,722
72,3,3,9,1,1,Commercial,High,Stables & landscape,Option A,0,0,1,0,0,0,1,4,1,0,Policy staff,0,0,1,0,0,723
72,3,3,9,2,0,Limited,Medium,Stables,Option B,1,0,0,1,0,1,0,4,1,0,Policy staff,1,0,0,1,0,723
72,3,3,9,3,0,None,High,None,Status quo,0,0,0,0,0,0,0,4,1,0,Policy staff,0,0,0,0,0,723
72,3,4,10,1,0,Commercial,Low,None,Option A,0,0,1,0,1,0,0,4,1,0,Policy staff,0,0,1,0,1,724
72,3,4,10,2,0,Limited,Medium,Stables,Option B,1,0,0,1,0,1,0,4,1,0,Policy staff,1,0,0,1,0,724
72,3,4,10,3,1,None,High,None,Status quo,0,0,0,0,0,0,0,4,1,0,Policy staff,0,0,0,0,0,724
73,1,1,1,1,0,Residential,High,Stables & landscape,Option A,0,1,0,0,0,0,1,4,1,0,Not answered,0,0,0,0,0,731
73,1,1,1,2,0,Limited,Low,None,Option B,1,0,0,0,1,0,0,4,1,0,Not answered,0,0,0,0,0,731
73,1,1,1,3,1,None,High,None,Status quo,0,0,0,0,0,0,0,4,1,0,Not answered,0,0,0,0,0,731
73,1,2,3,1,0,Residential,Low,Stables & landscape,Option A,0,1,0,0,1,0,1,4,1,0,Not answered,0,0,0,0,0,732
73,1,2,3,2,0,Limited,Medium,Stables,Option B,1,0,0,1,0,1,0,4,1,0,Not answered,0,0,0,0,0,732
73,1,2,3,3,1,None,High,None,Status quo,0,0,0,0,0,0,0,4,1,0,Not answered,0,0,0,0,0,732
73,1,3,10,1,0,Commercial,Low,None,Option A,0,0,1,0,1,0,0,4,1,0,Not answered,0,0,0,0,0,733
73,1,3,10,2,1,Limited,Medium,Stables,Option B,1,0,0,1,0,1,0,4,1,0,Not answered,0,0,0,0,0,733
73,1,3,10,3,0,None,High,None,Status quo,0,0,0,0,0,0,0,4,1,0,Not answered,0,0,0,0,0,733
73,1,4,12,1,0,Limited,Medium,Stables,Option A,1,0,0,1,0,1,0,4,1,0,Not answered,0,0,0,0,0,734
73,1,4,12,2,0,Residential,Low,Stables,Option B,0,1,0,0,1,1,0,4,1,0,Not answered,0,0,0,0,0,734
73,1,4,12,3,1,None,High,None,Status quo,0,0,0,0,0,0,0,4,1,0,Not answered,0,0,0,0,0,734
74,1,1,6,1,0,Residential,Low,None,Option A,0,1,0,0,1,0,0,4,1,1,Councillor,0,0,0,0,0,741
74,1,1,6,2,1,Limited,High,Stables & landscape,Option B,1,0,0,0,0,0,1,4,1,1,Councillor,0,0,0,0,0,741
74,1,1,6,3,0,None,High,None,Status quo,0,0,0,0,0,0,0,4,1,1,Councillor,0,0,0,0,0,741
74,1,2,8,1,0,Limited,Medium,Stables,Option A,1,0,0,1,0,1,0,4,1,1,Councillor,0,0,0,0,0,742
74,1,2,8,2,1,Commercial,High,Stables,Option B,0,0,1,0,0,1,0,4,1,1,Councillor,0,0,0,0,0,742
74,1,2,8,3,0,None,High,None,Status quo,0,0,0,0,0,0,0,4,1,1,Councillor,0,0,0,0,0,742
74,1,3,9,1,0,Commercial,High,Stables & landscape,Option A,0,0,1,0,0,0,1,4,1,1,Councillor,0,0,0,0,0,743
74,1,3,9,2,0,Limited,Medium,Stables,Option B,1,0,0,1,0,1,0,4,1,1,Councillor,0,0,0,0,0,743
74,1,3,9,3,1,None,High,None,Status quo,0,0,0,0,0,0,0,4,1,1,Councillor,0,0,0,0,0,743
74,1,4,12,1,0,Limited,Medium,Stables,Option A,1,0,0,1,0,1,0,4,1,1,Councillor,0,0,0,0,0,744
74,1,4,12,2,0,Residential,Low,Stables,Option B,0,1,0,0,1,1,0,4,1,1,Councillor,0,0,0,0,0,744
74,1,4,12,3,1,None,High,None,Status quo,0,0,0,0,0,0,0,4,1,1,Councillor,0,0,0,0,0,744
75,2,1,1,1,1,Residential,High,Stables & landscape,Option A,0,1,0,0,0,0,1,4,1,0,Policy staff,0,1,0,0,0,751
75,2,1,1,2,0,Limited,Low,None,Option B,1,0,0,0,1,0,0,4,1,0,Policy staff,1,0,0,0,0,751
75,2,1,1,3,0,None,High,None,Status quo,0,0,0,0,0,0,0,4,1,0,Policy staff,0,0,0,0,0,751
75,2,2,6,1,0,Residential,Low,None,Option A,0,1,0,0,1,0,0,4,1,0,Policy staff,0,1,0,0,0,752
75,2,2,6,2,1,Limited,High,Stables & landscape,Option B,1,0,0,0,0,0,1,4,1,0,Policy staff,1,0,0,0,0,752
75,2,2,6,3,0,None,High,None,Status quo,0,0,0,0,0,0,0,4,1,0,Policy staff,0,0,0,0,0,752
75,2,3,7,1,1,Commercial,High,Stables & landscape,Option A,0,0,1,0,0,0,1,4,1,0,Policy staff,0,0,1,0,0,753
75,2,3,7,2,0,Residential,Medium,Stables & landscape,Option B,0,1,0,1,0,0,1,4,1,0,Policy staff,0,1,0,0,0,753
75,2,3,7,3,0,None,High,None,Status quo,0,0,0,0,0,0,0,4,1,0,Policy staff,0,0,0,0,0,753
75,2,4,10,1,0,Commercial,Low,None,Option A,0,0,1,0,1,0,0,4,1,0,Policy staff,0,0,1,0,0,754
75,2,4,10,2,1,Limited,Medium,Stables,Option B,1,0,0,1,0,1,0,4,1,0,Policy staff,1,0,0,0,0,754
75,2,4,10,3,0,None,High,None,Status quo,0,0,0,0,0,0,0,4,1,0,Policy staff,0,0,0,0,0,754
76,3,1,3,1,0,Residential,Low,Stables & landscape,Option A,0,1,0,0,1,0,1,4,1,1,Councillor,0,1,0,0,1,761
76,3,1,3,2,1,Limited,Medium,Stables,Option B,1,0,0,1,0,1,0,4,1,1,Councillor,1,0,0,1,0,761
76,3,1,3,3,0,None,High,None,Status quo,0,0,0,0,0,0,0,4,1,1,Councillor,0,0,0,0,0,761
76,3,2,4,1,1,Residential,High,Stables & landscape,Option A,0,1,0,0,0,0,1,4,1,1,Councillor,0,1,0,0,0,762
76,3,2,4,2,0,Commercial,Medium,None,Option B,0,0,1,1,0,0,0,4,1,1,Councillor,0,0,1,1,0,762
76,3,2,4,3,0,None,High,None,Status quo,0,0,0,0,0,0,0,4,1,1,Councillor,0,0,0,0,0,762
76,3,3,11,1,0,Residential,Low,None,Option A,0,1,0,0,1,0,0,4,1,1,Councillor,0,1,0,0,1,763
76,3,3,11,2,1,Commercial,High,Stables & landscape,Option B,0,0,1,0,0,0,1,4,1,1,Councillor,0,0,1,0,0,763
76,3,3,11,3,0,None,High,None,Status quo,0,0,0,0,0,0,0,4,1,1,Councillor,0,0,0,0,0,763
76,3,4,12,1,0,Limited,Medium,Stables,Option A,1,0,0,1,0,1,0,4,1,1,Councillor,1,0,0,1,0,764
76,3,4,12,2,0,Residential,Low,Stables,Option B,0,1,0,0,1,1,0,4,1,1,Councillor,0,1,0,0,1,764
76,3,4,12,3,1,None,High,None,Status quo,0,0,0,0,0,0,0,4,1,1,Councillor,0,0,0,0,0,764
77,1,1,2,1,0,Commercial,Low,None,Option A,0,0,1,0,1,0,0,4,1,1,Councillor,0,0,0,0,0,771
77,1,1,2,2,1,Residential,High,Stables & landscape,Option B,0,1,0,0,0,0,1,4,1,1,Councillor,0,0,0,0,0,771
77,1,1,2,3,0,None,High,None,Status quo,0,0,0,0,0,0,0,4,1,1,Councillor,0,0,0,0,0,771
77,1,2,4,1,1,Residential,High,Stables & landscape,Option A,0,1,0,0,0,0,1,4,1,1,Councillor,0,0,0,0,0,772
77,1,2,4,2,0,Commercial,Medium,None,Option B,0,0,1,1,0,0,0,4,1,1,Councillor,0,0,0,0,0,772
77,1,2,4,3,0,None,High,None,Status quo,0,0,0,0,0,0,0,4,1,1,Councillor,0,0,0,0,0,772
77,1,3,7,1,1,Commercial,High,Stables & landscape,Option A,0,0,1,0,0,0,1,4,1,1,Councillor,0,0,0,0,0,773
77,1,3,7,2,0,Residential,Medium,Stables & landscape,Option B,0,1,0,1,0,0,1,4,1,1,Councillor,0,0,0,0,0,773
77,1,3,7,3,0,None,High,None,Status quo,0,0,0,0,0,0,0,4,1,1,Councillor,0,0,0,0,0,773
77,1,4,11,1,0,Residential,Low,None,Option A,0,1,0,0,1,0,0,4,1,1,Councillor,0,0,0,0,0,774
77,1,4,11,2,1,Commercial,High,Stables & landscape,Option B,0,0,1,0,0,0,1,4,1,1,Councillor,0,0,0,0,0,774
77,1,4,11,3,0,None,High,None,Status quo,0,0,0,0,0,0,0,4,1,1,Councillor,0,0,0,0,0,774
78,2,1,1,1,1,Residential,High,Stables & landscape,Option A,0,1,0,0,0,0,1,4,1,1,Councillor,0,1,0,0,0,781
78,2,1,1,2,0,Limited,Low,None,Option B,1,0,0,0,1,0,0,4,1,1,Councillor,1,0,0,0,0,781
78,2,1,1,3,0,None,High,None,Status quo,0,0,0,0,0,0,0,4,1,1,Councillor,0,0,0,0,0,781
78,2,2,5,1,0,Limited,Medium,Stables,Option A,1,0,0,1,0,1,0,4,1,1,Councillor,1,0,0,0,0,782
78,2,2,5,2,1,Residential,Medium,Stables & landscape,Option B,0,1,0,1,0,0,1,4,1,1,Councillor,0,1,0,0,0,782
78,2,2,5,3,0,None,High,None,Status quo,0,0,0,0,0,0,0,4,1,1,Councillor,0,0,0,0,0,782
78,2,3,11,1,0,Residential,Low,None,Option A,0,1,0,0,1,0,0,4,1,1,Councillor,0,1,0,0,0,783
78,2,3,11,2,1,Commercial,High,Stables & landscape,Option B,0,0,1,0,0,0,1,4,1,1,Councillor,0,0,1,0,0,783
78,2,3,11,3,0,None,High,None,Status quo,0,0,0,0,0,0,0,4,1,1,Councillor,0,0,0,0,0,783
78,2,4,12,1,0,Limited,Medium,Stables,Option A,1,0,0,1,0,1,0,4,1,1,Councillor,1,0,0,0,0,784
78,2,4,12,2,0,Residential,Low,Stables,Option B,0,1,0,0,1,1,0,4,1,1,Councillor,0,1,0,0,0,784
78,2,4,12,3,1,None,High,None,Status quo,0,0,0,0,0,0,0,4,1,1,Councillor,0,0,0,0,0,784
79,3,1,1,1,1,Residential,High,Stables & landscape,Option A,0,1,0,0,0,0,1,4,1,1,Councillor,0,1,0,0,0,791
79,3,1,1,2,0,Limited,Low,None,Option B,1,0,0,0,1,0,0,4,1,1,Councillor,1,0,0,0,1,791
79,3,1,1,3,0,None,High,None,Status quo,0,0,0,0,0,0,0,4,1,1,Councillor,0,0,0,0,0,791
79,3,2,4,1,1,Residential,High,Stables & landscape,Option A,0,1,0,0,0,0,1,4,1,1,Councillor,0,1,0,0,0,792
79,3,2,4,2,0,Commercial,Medium,None,Option B,0,0,1,1,0,0,0,4,1,1,Councillor,0,0,1,1,0,792
79,3,2,4,3,0,None,High,None,Status quo,0,0,0,0,0,0,0,4,1,1,Councillor,0,0,0,0,0,792
79,3,3,7,1,1,Commercial,High,Stables & landscape,Option A,0,0,1,0,0,0,1,4,1,1,Councillor,0,0,1,0,0,793
79,3,3,7,2,0,Residential,Medium,Stables & landscape,Option B,0,1,0,1,0,0,1,4,1,1,Councillor,0,1,0,1,0,793
79,3,3,7,3,0,None,High,None,Status quo,0,0,0,0,0,0,0,4,1,1,Councillor,0,0,0,0,0,793
79,3,4,12,1,0,Limited,Medium,Stables,Option A,1,0,0,1,0,1,0,4,1,1,Councillor,1,0,0,1,0,794
79,3,4,12,2,0,Residential,Low,Stables,Option B,0,1,0,0,1,1,0,4,1,1,Councillor,0,1,0,0,1,794
79,3,4,12,3,1,None,High,None,Status quo,0,0,0,0,0,0,0,4,1,1,Councillor,0,0,0,0,0,794
80,1,1,1,1,1,Residential,High,Stables & landscape,Option A,0,1,0,0,0,0,1,4,1,0,Not answered,0,0,0,0,0,801
80,1,1,1,2,0,Limited,Low,None,Option B,1,0,0,0,1,0,0,4,1,0,Not answered,0,0,0,0,0,801
80,1,1,1,3,0,None,High,None,Status quo,0,0,0,0,0,0,0,4,1,0,Not answered,0,0,0,0,0,801
80,1,2,3,1,0,Residential,Low,Stables & landscape,Option A,0,1,0,0,1,0,1,4,1,0,Not answered,0,0,0,0,0,802
80,1,2,3,2,0,Limited,Medium,Stables,Option B,1,0,0,1,0,1,0,4,1,0,Not answered,0,0,0,0,0,802
80,1,2,3,3,1,None,High,None,Status quo,0,0,0,0,0,0,0,4,1,0,Not answered,0,0,0,0,0,802
80,1,3,5,1,0,Limited,Medium,Stables,Option A,1,0,0,1,0,1,0,4,1,0,Not answered,0,0,0,0,0,803
80,1,3,5,2,0,Residential,Medium,Stables & landscape,Option B,0,1,0,1,0,0,1,4,1,0,Not answered,0,0,0,0,0,803
80,1,3,5,3,1,None,High,None,Status quo,0,0,0,0,0,0,0,4,1,0,Not answered,0,0,0,0,0,803
80,1,4,10,1,0,Commercial,Low,None,Option A,0,0,1,0,1,0,0,4,1,0,Not answered,0,0,0,0,0,804
80,1,4,10,2,0,Limited,Medium,Stables,Option B,1,0,0,1,0,1,0,4,1,0,Not answered,0,0,0,0,0,804
80,1,4,10,3,1,None,High,None,Status quo,0,0,0,0,0,0,0,4,1,0,Not answered,0,0,0,0,0,804
81,2,1,4,1,1,Residential,High,Stables & landscape,Option A,0,1,0,0,0,0,1,4,1,0,Other,0,1,0,0,0,811
81,2,1,4,2,0,Commercial,Medium,None,Option B,0,0,1,1,0,0,0,4,1,0,Other,0,0,1,0,0,811
81,2,1,4,3,0,None,High,None,Status quo,0,0,0,0,0,0,0,4,1,0,Other,0,0,0,0,0,811
81,2,2,6,1,0,Residential,Low,None,Option A,0,1,0,0,1,0,0,4,1,0,Other,0,1,0,0,0,812
81,2,2,6,2,1,Limited,High,Stables & landscape,Option B,1,0,0,0,0,0,1,4,1,0,Other,1,0,0,0,0,812
81,2,2,6,3,0,None,High,None,Status quo,0,0,0,0,0,0,0,4,1,0,Other,0,0,0,0,0,812
81,2,3,9,1,1,Commercial,High,Stables & landscape,Option A,0,0,1,0,0,0,1,4,1,0,Other,0,0,1,0,0,813
81,2,3,9,2,0,Limited,Medium,Stables,Option B,1,0,0,1,0,1,0,4,1,0,Other,1,0,0,0,0,813
81,2,3,9,3,0,None,High,None,Status quo,0,0,0,0,0,0,0,4,1,0,Other,0,0,0,0,0,813
81,2,4,12,1,0,Limited,Medium,Stables,Option A,1,0,0,1,0,1,0,4,1,0,Other,1,0,0,0,0,814
81,2,4,12,2,0,Residential,Low,Stables,Option B,0,1,0,0,1,1,0,4,1,0,Other,0,1,0,0,0,814
81,2,4,12,3,1,None,High,None,Status quo,0,0,0,0,0,0,0,4,1,0,Other,0,0,0,0,0,814
82,3,1,3,1,1,Residential,Low,Stables & landscape,Option A,0,1,0,0,1,0,1,4,1,1,Councillor,0,1,0,0,1,821
82,3,1,3,2,0,Limited,Medium,Stables,Option B,1,0,0,1,0,1,0,4,1,1,Councillor,1,0,0,1,0,821
82,3,1,3,3,0,None,High,None,Status quo,0,0,0,0,0,0,0,4,1,1,Councillor,0,0,0,0,0,821
82,3,2,6,1,1,Residential,Low,None,Option A,0,1,0,0,1,0,0,4,1,1,Councillor,0,1,0,0,1,822
82,3,2,6,2,0,Limited,High,Stables & landscape,Option B,1,0,0,0,0,0,1,4,1,1,Councillor,1,0,0,0,0,822
82,3,2,6,3,0,None,High,None,Status quo,0,0,0,0,0,0,0,4,1,1,Councillor,0,0,0,0,0,822
82,3,3,9,1,1,Commercial,High,Stables & landscape,Option A,0,0,1,0,0,0,1,4,1,1,Councillor,0,0,1,0,0,823
82,3,3,9,2,0,Limited,Medium,Stables,Option B,1,0,0,1,0,1,0,4,1,1,Councillor,1,0,0,1,0,823
82,3,3,9,3,0,None,High,None,Status quo,0,0,0,0,0,0,0,4,1,1,Councillor,0,0,0,0,0,823
82,3,4,10,1,0,Commercial,Low,None,Option A,0,0,1,0,1,0,0,4,1,1,Councillor,0,0,1,0,1,824
82,3,4,10,2,1,Limited,Medium,Stables,Option B,1,0,0,1,0,1,0,4,1,1,Councillor,1,0,0,1,0,824
82,3,4,10,3,0,None,High,None,Status quo,0,0,0,0,0,0,0,4,1,1,Councillor,0,0,0,0,0,824
83,1,1,2,1,0,Commercial,Low,None,Option A,0,0,1,0,1,0,0,4,1,1,Councillor,0,0,0,0,0,831
83,1,1,2,2,1,Residential,High,Stables & landscape,Option B,0,1,0,0,0,0,1,4,1,1,Councillor,0,0,0,0,0,831
83,1,1,2,3,0,None,High,None,Status quo,0,0,0,0,0,0,0,4,1,1,Councillor,0,0,0,0,0,831
83,1,2,4,1,1,Residential,High,Stables & landscape,Option A,0,1,0,0,0,0,1,4,1,1,Councillor,0,0,0,0,0,832
83,1,2,4,2,0,Commercial,Medium,None,Option B,0,0,1,1,0,0,0,4,1,1,Councillor,0,0,0,0,0,832
83,1,2,4,3,0,None,High,None,Status quo,0,0,0,0,0,0,0,4,1,1,Councillor,0,0,0,0,0,832
83,1,3,5,1,0,Limited,Medium,Stables,Option A,1,0,0,1,0,1,0,4,1,1,Councillor,0,0,0,0,0,833
83,1,3,5,2,0,Residential,Medium,Stables & landscape,Option B,0,1,0,1,0,0,1,4,1,1,Councillor,0,0,0,0,0,833
83,1,3,5,3,1,None,High,None,Status quo,0,0,0,0,0,0,0,4,1,1,Councillor,0,0,0,0,0,833
83,1,4,12,1,0,Limited,Medium,Stables,Option A,1,0,0,1,0,1,0,4,1,1,Councillor,0,0,0,0,0,834
83,1,4,12,2,0,Residential,Low,Stables,Option B,0,1,0,0,1,1,0,4,1,1,Councillor,0,0,0,0,0,834
83,1,4,12,3,1,None,High,None,Status quo,0,0,0,0,0,0,0,4,1,1,Councillor,0,0,0,0,0,834
84,2,1,3,1,1,Residential,Low,Stables & landscape,Option A,0,1,0,0,1,0,1,4,1,0,Policy staff,0,1,0,0,0,841
84,2,1,3,2,0,Limited,Medium,Stables,Option B,1,0,0,1,0,1,0,4,1,0,Policy staff,1,0,0,0,0,841
84,2,1,3,3,0,None,High,None,Status quo,0,0,0,0,0,0,0,4,1,0,Policy staff,0,0,0,0,0,841
84,2,2,5,1,1,Limited,Medium,Stables,Option A,1,0,0,1,0,1,0,4,1,0,Policy staff,1,0,0,0,0,842
84,2,2,5,2,0,Residential,Medium,Stables & landscape,Option B,0,1,0,1,0,0,1,4,1,0,Policy staff,0,1,0,0,0,842
84,2,2,5,3,0,None,High,None,Status quo,0,0,0,0,0,0,0,4,1,0,Policy staff,0,0,0,0,0,842
84,2,3,7,1,0,Commercial,High,Stables & landscape,Option A,0,0,1,0,0,0,1,4,1,0,Policy staff,0,0,1,0,0,843
84,2,3,7,2,1,Residential,Medium,Stables & landscape,Option B,0,1,0,1,0,0,1,4,1,0,Policy staff,0,1,0,0,0,843
84,2,3,7,3,0,None,High,None,Status quo,0,0,0,0,0,0,0,4,1,0,Policy staff,0,0,0,0,0,843
84,2,4,10,1,0,Commercial,Low,None,Option A,0,0,1,0,1,0,0,4,1,0,Policy staff,0,0,1,0,0,844
84,2,4,10,2,1,Limited,Medium,Stables,Option B,1,0,0,1,0,1,0,4,1,0,Policy staff,1,0,0,0,0,844
84,2,4,10,3,0,None,High,None,Status quo,0,0,0,0,0,0,0,4,1,0,Policy staff,0,0,0,0,0,844
85,1,1,1,1,1,Residential,High,Stables & landscape,Option A,0,1,0,0,0,0,1,4,1,1,Councillor,0,0,0,0,0,851
85,1,1,1,2,0,Limited,Low,None,Option B,1,0,0,0,1,0,0,4,1,1,Councillor,0,0,0,0,0,851
85,1,1,1,3,0,None,High,None,Status quo,0,0,0,0,0,0,0,4,1,1,Councillor,0,0,0,0,0,851
85,1,2,3,1,0,Residential,Low,Stables & landscape,Option A,0,1,0,0,1,0,1,4,1,1,Councillor,0,0,0,0,0,852
85,1,2,3,2,0,Limited,Medium,Stables,Option B,1,0,0,1,0,1,0,4,1,1,Councillor,0,0,0,0,0,852
85,1,2,3,3,1,None,High,None,Status quo,0,0,0,0,0,0,0,4,1,1,Councillor,0,0,0,0,0,852
85,1,3,6,1,0,Residential,Low,None,Option A,0,1,0,0,1,0,0,4,1,1,Councillor,0,0,0,0,0,853
85,1,3,6,2,0,Limited,High,Stables & landscape,Option B,1,0,0,0,0,0,1,4,1,1,Councillor,0,0,0,0,0,853
85,1,3,6,3,1,None,High,None,Status quo,0,0,0,0,0,0,0,4,1,1,Councillor,0,0,0,0,0,853
85,1,4,10,1,0,Commercial,Low,None,Option A,0,0,1,0,1,0,0,4,1,1,Councillor,0,0,0,0,0,854
85,1,4,10,2,0,Limited,Medium,Stables,Option B,1,0,0,1,0,1,0,4,1,1,Councillor,0,0,0,0,0,854
85,1,4,10,3,1,None,High,None,Status quo,0,0,0,0,0,0,0,4,1,1,Councillor,0,0,0,0,0,854
86,3,1,2,1,0,Commercial,Low,None,Option A,0,0,1,0,1,0,0,4,1,1,Councillor,0,0,1,0,1,861
86,3,1,2,2,0,Residential,High,Stables & landscape,Option B,0,1,0,0,0,0,1,4,1,1,Councillor,0,1,0,0,0,861
86,3,1,2,3,1,None,High,None,Status quo,0,0,0,0,0,0,0,4,1,1,Councillor,0,0,0,0,0,861
86,3,2,5,1,0,Limited,Medium,Stables,Option A,1,0,0,1,0,1,0,4,1,1,Councillor,1,0,0,1,0,862
86,3,2,5,2,0,Residential,Medium,Stables & landscape,Option B,0,1,0,1,0,0,1,4,1,1,Councillor,0,1,0,1,0,862
86,3,2,5,3,1,None,High,None,Status quo,0,0,0,0,0,0,0,4,1,1,Councillor,0,0,0,0,0,862
86,3,3,8,1,0,Limited,Medium,Stables,Option A,1,0,0,1,0,1,0,4,1,1,Councillor,1,0,0,1,0,863
86,3,3,8,2,0,Commercial,High,Stables,Option B,0,0,1,0,0,1,0,4,1,1,Councillor,0,0,1,0,0,863
86,3,3,8,3,1,None,High,None,Status quo,0,0,0,0,0,0,0,4,1,1,Councillor,0,0,0,0,0,863
86,3,4,11,1,0,Residential,Low,None,Option A,0,1,0,0,1,0,0,4,1,1,Councillor,0,1,0,0,1,864
86,3,4,11,2,0,Commercial,High,Stables & landscape,Option B,0,0,1,0,0,0,1,4,1,1,Councillor,0,0,1,0,0,864
86,3,4,11,3,1,None,High,None,Status quo,0,0,0,0,0,0,0,4,1,1,Councillor,0,0,0,0,0,864
87,3,1,1,1,1,Residential,High,Stables & landscape,Option A,0,1,0,0,0,0,1,4,1,1,Councillor,0,1,0,0,0,871
87,3,1,1,2,0,Limited,Low,None,Option B,1,0,0,0,1,0,0,4,1,1,Councillor,1,0,0,0,1,871
87,3,1,1,3,0,None,High,None,Status quo,0,0,0,0,0,0,0,4,1,1,Councillor,0,0,0,0,0,871
87,3,2,2,1,0,Commercial,Low,None,Option A,0,0,1,0,1,0,0,4,1,1,Councillor,0,0,1,0,1,872
87,3,2,2,2,1,Residential,High,Stables & landscape,Option B,0,1,0,0,0,0,1,4,1,1,Councillor,0,1,0,0,0,872
87,3,2,2,3,0,None,High,None,Status quo,0,0,0,0,0,0,0,4,1,1,Councillor,0,0,0,0,0,872
87,3,3,7,1,1,Commercial,High,Stables & landscape,Option A,0,0,1,0,0,0,1,4,1,1,Councillor,0,0,1,0,0,873
87,3,3,7,2,0,Residential,Medium,Stables & landscape,Option B,0,1,0,1,0,0,1,4,1,1,Councillor,0,1,0,1,0,873
87,3,3,7,3,0,None,High,None,Status quo,0,0,0,0,0,0,0,4,1,1,Councillor,0,0,0,0,0,873
87,3,4,8,1,0,Limited,Medium,Stables,Option A,1,0,0,1,0,1,0,4,1,1,Councillor,1,0,0,1,0,874
87,3,4,8,2,1,Commercial,High,Stables,Option B,0,0,1,0,0,1,0,4,1,1,Councillor,0,0,1,0,0,874
87,3,4,8,3,0,None,High,None,Status quo,0,0,0,0,0,0,0,4,1,1,Councillor,0,0,0,0,0,874
88,1,1,7,1,0,Commercial,High,Stables & landscape,Option A,0,0,1,0,0,0,1,4,1,1,Councillor,0,0,0,0,0,881
88,1,1,7,2,0,Residential,Medium,Stables & landscape,Option B,0,1,0,1,0,0,1,4,1,1,Councillor,0,0,0,0,0,881
88,1,1,7,3,1,None,High,None,Status quo,0,0,0,0,0,0,0,4,1,1,Councillor,0,0,0,0,0,881
88,1,2,8,1,0,Limited,Medium,Stables,Option A,1,0,0,1,0,1,0,4,1,1,Councillor,0,0,0,0,0,882
88,1,2,8,2,1,Commercial,High,Stables,Option B,0,0,1,0,0,1,0,4,1,1,Councillor,0,0,0,0,0,882
88,1,2,8,3,0,None,High,None,Status quo,0,0,0,0,0,0,0,4,1,1,Councillor,0,0,0,0,0,882
88,1,3,9,1,0,Commercial,High,Stables & landscape,Option A,0,0,1,0,0,0,1,4,1,1,Councillor,0,0,0,0,0,883
88,1,3,9,2,0,Limited,Medium,Stables,Option B,1,0,0,1,0,1,0,4,1,1,Councillor,0,0,0,0,0,883
88,1,3,9,3,1,None,High,None,Status quo,0,0,0,0,0,0,0,4,1,1,Councillor,0,0,0,0,0,883
88,1,4,11,1,0,Residential,Low,None,Option A,0,1,0,0,1,0,0,4,1,1,Councillor,0,0,0,0,0,884
88,1,4,11,2,1,Commercial,High,Stables & landscape,Option B,0,0,1,0,0,0,1,4,1,1,Councillor,0,0,0,0,0,884
88,1,4,11,3,0,None,High,None,Status quo,0,0,0,0,0,0,0,4,1,1,Councillor,0,0,0,0,0,884
89,2,1,1,1,1,Residential,High,Stables & landscape,Option A,0,1,0,0,0,0,1,3,0,1,Other,0,1,0,0,0,891
89,2,1,1,2,0,Limited,Low,None,Option B,1,0,0,0,1,0,0,3,0,1,Other,1,0,0,0,0,891
89,2,1,1,3,0,None,High,None,Status quo,0,0,0,0,0,0,0,3,0,1,Other,0,0,0,0,0,891
89,2,2,1,1,1,Residential,High,Stables & landscape,Option A,0,1,0,0,0,0,1,3,0,1,Other,0,1,0,0,0,892
89,2,2,1,2,0,Limited,Low,None,Option B,1,0,0,0,1,0,0,3,0,1,Other,1,0,0,0,0,892
89,2,2,1,3,0,None,High,None,Status quo,0,0,0,0,0,0,0,3,0,1,Other,0,0,0,0,0,892
89,2,3,2,1,0,Commercial,Low,None,Option A,0,0,1,0,1,0,0,3,0,1,Other,0,0,1,0,0,893
89,2,3,2,2,1,Residential,High,Stables & landscape,Option B,0,1,0,0,0,0,1,3,0,1,Other,0,1,0,0,0,893
89,2,3,2,3,0,None,High,None,Status quo,0,0,0,0,0,0,0,3,0,1,Other,0,0,0,0,0,893
89,2,4,8,1,0,Limited,Medium,Stables,Option A,1,0,0,1,0,1,0,3,0,1,Other,1,0,0,0,0,894
89,2,4,8,2,1,Commercial,High,Stables,Option B,0,0,1,0,0,1,0,3,0,1,Other,0,0,1,0,0,894
89,2,4,8,3,0,None,High,None,Status quo,0,0,0,0,0,0,0,3,0,1,Other,0,0,0,0,0,894
90,1,1,3,1,0,Residential,Low,Stables & landscape,Option A,0,1,0,0,1,0,1,4,1,0,Other,0,0,0,0,0,901
90,1,1,3,2,1,Limited,Medium,Stables,Option B,1,0,0,1,0,1,0,4,1,0,Other,0,0,0,0,0,901
90,1,1,3,3,0,None,High,None,Status quo,0,0,0,0,0,0,0,4,1,0,Other,0,0,0,0,0,901
90,1,2,5,1,1,Limited,Medium,Stables,Option A,1,0,0,1,0,1,0,4,1,0,Other,0,0,0,0,0,902
90,1,2,5,2,0,Residential,Medium,Stables & landscape,Option B,0,1,0,1,0,0,1,4,1,0,Other,0,0,0,0,0,902
90,1,2,5,3,0,None,High,None,Status quo,0,0,0,0,0,0,0,4,1,0,Other,0,0,0,0,0,902
90,1,3,10,1,0,Commercial,Low,None,Option A,0,0,1,0,1,0,0,4,1,0,Other,0,0,0,0,0,903
90,1,3,10,2,1,Limited,Medium,Stables,Option B,1,0,0,1,0,1,0,4,1,0,Other,0,0,0,0,0,903
90,1,3,10,3,0,None,High,None,Status quo,0,0,0,0,0,0,0,4,1,0,Other,0,0,0,0,0,903
90,1,4,11,1,0,Residential,Low,None,Option A,0,1,0,0,1,0,0,4,1,0,Other,0,0,0,0,0,904
90,1,4,11,2,0,Commercial,High,Stables & landscape,Option B,0,0,1,0,0,0,1,4,1,0,Other,0,0,0,0,0,904
90,1,4,11,3,1,None,High,None,Status quo,0,0,0,0,0,0,0,4,1,0,Other,0,0,0,0,0,904
91,2,1,2,1,0,Commercial,Low,None,Option A,0,0,1,0,1,0,0,4,1,1,Councillor,0,0,1,0,0,911
91,2,1,2,2,1,Residential,High,Stables & landscape,Option B,0,1,0,0,0,0,1,4,1,1,Councillor,0,1,0,0,0,911
91,2,1,2,3,0,None,High,None,Status quo,0,0,0,0,0,0,0,4,1,1,Councillor,0,0,0,0,0,911
91,2,2,3,1,0,Residential,Low,Stables & landscape,Option A,0,1,0,0,1,0,1,4,1,1,Councillor,0,1,0,0,0,912
91,2,2,3,2,0,Limited,Medium,Stables,Option B,1,0,0,1,0,1,0,4,1,1,Councillor,1,0,0,0,0,912
91,2,2,3,3,1,None,High,None,Status quo,0,0,0,0,0,0,0,4,1,1,Councillor,0,0,0,0,0,912
91,2,3,6,1,0,Residential,Low,None,Option A,0,1,0,0,1,0,0,4,1,1,Councillor,0,1,0,0,0,913
91,2,3,6,2,1,Limited,High,Stables & landscape,Option B,1,0,0,0,0,0,1,4,1,1,Councillor,1,0,0,0,0,913
91,2,3,6,3,0,None,High,None,Status quo,0,0,0,0,0,0,0,4,1,1,Councillor,0,0,0,0,0,913
91,2,4,11,1,0,Residential,Low,None,Option A,0,1,0,0,1,0,0,4,1,1,Councillor,0,1,0,0,0,914
91,2,4,11,2,1,Commercial,High,Stables & landscape,Option B,0,0,1,0,0,0,1,4,1,1,Councillor,0,0,1,0,0,914
91,2,4,11,3,0,None,High,None,Status quo,0,0,0,0,0,0,0,4,1,1,Councillor,0,0,0,0,0,914
92,3,1,3,1,0,Residential,Low,Stables & landscape,Option A,0,1,0,0,1,0,1,4,1,0,Not answered,0,1,0,0,1,921
92,3,1,3,2,0,Limited,Medium,Stables,Option B,1,0,0,1,0,1,0,4,1,0,Not answered,1,0,0,1,0,921
92,3,1,3,3,1,None,High,None,Status quo,0,0,0,0,0,0,0,4,1,0,Not answered,0,0,0,0,0,921
92,3,2,5,1,0,Limited,Medium,Stables,Option A,1,0,0,1,0,1,0,4,1,0,Not answered,1,0,0,1,0,922
92,3,2,5,2,0,Residential,Medium,Stables & landscape,Option B,0,1,0,1,0,0,1,4,1,0,Not answered,0,1,0,1,0,922
92,3,2,5,3,1,None,High,None,Status quo,0,0,0,0,0,0,0,4,1,0,Not answered,0,0,0,0,0,922
92,3,3,6,1,0,Residential,Low,None,Option A,0,1,0,0,1,0,0,4,1,0,Not answered,0,1,0,0,1,923
92,3,3,6,2,1,Limited,High,Stables & landscape,Option B,1,0,0,0,0,0,1,4,1,0,Not answered,1,0,0,0,0,923
92,3,3,6,3,0,None,High,None,Status quo,0,0,0,0,0,0,0,4,1,0,Not answered,0,0,0,0,0,923
92,3,4,9,1,1,Commercial,High,Stables & landscape,Option A,0,0,1,0,0,0,1,4,1,0,Not answered,0,0,1,0,0,924
92,3,4,9,2,0,Limited,Medium,Stables,Option B,1,0,0,1,0,1,0,4,1,0,Not answered,1,0,0,1,0,924
92,3,4,9,3,0,None,High,None,Status quo,0,0,0,0,0,0,0,4,1,0,Not answered,0,0,0,0,0,924
93,1,1,4,1,1,Residential,High,Stables & landscape,Option A,0,1,0,0,0,0,1,4,1,0,Policy staff,0,0,0,0,0,931
93,1,1,4,2,0,Commercial,Medium,None,Option B,0,0,1,1,0,0,0,4,1,0,Policy staff,0,0,0,0,0,931
93,1,1,4,3,0,None,High,None,Status quo,0,0,0,0,0,0,0,4,1,0,Policy staff,0,0,0,0,0,931
93,1,2,6,1,0,Residential,Low,None,Option A,0,1,0,0,1,0,0,4,1,0,Policy staff,0,0,0,0,0,932
93,1,2,6,2,1,Limited,High,Stables & landscape,Option B,1,0,0,0,0,0,1,4,1,0,Policy staff,0,0,0,0,0,932
93,1,2,6,3,0,None,High,None,Status quo,0,0,0,0,0,0,0,4,1,0,Policy staff,0,0,0,0,0,932
93,1,3,7,1,1,Commercial,High,Stables & landscape,Option A,0,0,1,0,0,0,1,4,1,0,Policy staff,0,0,0,0,0,933
93,1,3,7,2,0,Residential,Medium,Stables & landscape,Option B,0,1,0,1,0,0,1,4,1,0,Policy staff,0,0,0,0,0,933
93,1,3,7,3,0,None,High,None,Status quo,0,0,0,0,0,0,0,4,1,0,Policy staff,0,0,0,0,0,933
93,1,4,8,1,0,Limited,Medium,Stables,Option A,1,0,0,1,0,1,0,4,1,0,Policy staff,0,0,0,0,0,934
93,1,4,8,2,1,Commercial,High,Stables,Option B,0,0,1,0,0,1,0,4,1,0,Policy staff,0,0,0,0,0,934
93,1,4,8,3,0,None,High,None,Status quo,0,0,0,0,0,0,0,4,1,0,Policy staff,0,0,0,0,0,934
94,1,1,1,1,1,Residential,High,Stables & landscape,Option A,0,1,0,0,0,0,1,4,1,0,Policy staff,0,0,0,0,0,941
94,1,1,1,2,0,Limited,Low,None,Option B,1,0,0,0,1,0,0,4,1,0,Policy staff,0,0,0,0,0,941
94,1,1,1,3,0,None,High,None,Status quo,0,0,0,0,0,0,0,4,1,0,Policy staff,0,0,0,0,0,941
94,1,2,2,1,0,Commercial,Low,None,Option A,0,0,1,0,1,0,0,4,1,0,Policy staff,0,0,0,0,0,942
94,1,2,2,2,1,Residential,High,Stables & landscape,Option B,0,1,0,0,0,0,1,4,1,0,Policy staff,0,0,0,0,0,942
94,1,2,2,3,0,None,High,None,Status quo,0,0,0,0,0,0,0,4,1,0,Policy staff,0,0,0,0,0,942
94,1,3,9,1,1,Commercial,High,Stables & landscape,Option A,0,0,1,0,0,0,1,4,1,0,Policy staff,0,0,0,0,0,943
94,1,3,9,2,0,Limited,Medium,Stables,Option B,1,0,0,1,0,1,0,4,1,0,Policy staff,0,0,0,0,0,943
94,1,3,9,3,0,None,High,None,Status quo,0,0,0,0,0,0,0,4,1,0,Policy staff,0,0,0,0,0,943
94,1,4,12,1,0,Limited,Medium,Stables,Option A,1,0,0,1,0,1,0,4,1,0,Policy staff,0,0,0,0,0,944
94,1,4,12,2,0,Residential,Low,Stables,Option B,0,1,0,0,1,1,0,4,1,0,Policy staff,0,0,0,0,0,944
94,1,4,12,3,1,None,High,None,Status quo,0,0,0,0,0,0,0,4,1,0,Policy staff,0,0,0,0,0,944
95,3,1,4,1,1,Residential,High,Stables & landscape,Option A,0,1,0,0,0,0,1,4,1,1,Councillor,0,1,0,0,0,951
95,3,1,4,2,0,Commercial,Medium,None,Option B,0,0,1,1,0,0,0,4,1,1,Councillor,0,0,1,1,0,951
95,3,1,4,3,0,None,High,None,Status quo,0,0,0,0,0,0,0,4,1,1,Councillor,0,0,0,0,0,951
95,3,2,10,1,0,Commercial,Low,None,Option A,0,0,1,0,1,0,0,4,1,1,Councillor,0,0,1,0,1,952
95,3,2,10,2,0,Limited,Medium,Stables,Option B,1,0,0,1,0,1,0,4,1,1,Councillor,1,0,0,1,0,952
95,3,2,10,3,1,None,High,None,Status quo,0,0,0,0,0,0,0,4,1,1,Councillor,0,0,0,0,0,952
95,3,3,11,1,0,Residential,Low,None,Option A,0,1,0,0,1,0,0,4,1,1,Councillor,0,1,0,0,1,953
95,3,3,11,2,0,Commercial,High,Stables & landscape,Option B,0,0,1,0,0,0,1,4,1,1,Councillor,0,0,1,0,0,953
95,3,3,11,3,1,None,High,None,Status quo,0,0,0,0,0,0,0,4,1,1,Councillor,0,0,0,0,0,953
95,3,4,12,1,0,Limited,Medium,Stables,Option A,1,0,0,1,0,1,0,4,1,1,Councillor,1,0,0,1,0,954
95,3,4,12,2,0,Residential,Low,Stables,Option B,0,1,0,0,1,1,0,4,1,1,Councillor,0,1,0,0,1,954
95,3,4,12,3,1,None,High,None,Status quo,0,0,0,0,0,0,0,4,1,1,Councillor,0,0,0,0,0,954
96,2,1,4,1,0,Residential,High,Stables & landscape,Option A,0,1,0,0,0,0,1,4,1,0,Compliance staff,0,1,0,0,0,961
96,2,1,4,2,1,Commercial,Medium,None,Option B,0,0,1,1,0,0,0,4,1,0,Compliance staff,0,0,1,0,0,961
96,2,1,4,3,0,None,High,None,Status quo,0,0,0,0,0,0,0,4,1,0,Compliance staff,0,0,0,0,0,961
96,2,2,7,1,0,Commercial,High,Stables & landscape,Option A,0,0,1,0,0,0,1,4,1,0,Compliance staff,0,0,1,0,0,962
96,2,2,7,2,1,Residential,Medium,Stables & landscape,Option B,0,1,0,1,0,0,1,4,1,0,Compliance staff,0,1,0,0,0,962
96,2,2,7,3,0,None,High,None,Status quo,0,0,0,0,0,0,0,4,1,0,Compliance staff,0,0,0,0,0,962
96,2,3,10,1,0,Commercial,Low,None,Option A,0,0,1,0,1,0,0,4,1,0,Compliance staff,0,0,1,0,0,963
96,2,3,10,2,1,Limited,Medium,Stables,Option B,1,0,0,1,0,1,0,4,1,0,Compliance staff,1,0,0,0,0,963
96,2,3,10,3,0,None,High,None,Status quo,0,0,0,0,0,0,0,4,1,0,Compliance staff,0,0,0,0,0,963
96,2,4,12,1,0,Limited,Medium,Stables,Option A,1,0,0,1,0,1,0,4,1,0,Compliance staff,1,0,0,0,0,964
96,2,4,12,2,1,Residential,Low,Stables,Option B,0,1,0,0,1,1,0,4,1,0,Compliance staff,0,1,0,0,0,964
96,2,4,12,3,0,None,High,None,Status quo,0,0,0,0,0,0,0,4,1,0,Compliance staff,0,0,0,0,0,964
98,2,1,2,1,0,Commercial,Low,None,Option A,0,0,1,0,1,0,0,4,1,1,Councillor,0,0,1,0,0,981
98,2,1,2,2,1,Residential,High,Stables & landscape,Option B,0,1,0,0,0,0,1,4,1,1,Councillor,0,1,0,0,0,981
98,2,1,2,3,0,None,High,None,Status quo,0,0,0,0,0,0,0,4,1,1,Councillor,0,0,0,0,0,981
98,2,2,4,1,1,Residential,High,Stables & landscape,Option A,0,1,0,0,0,0,1,4,1,1,Councillor,0,1,0,0,0,982
98,2,2,4,2,0,Commercial,Medium,None,Option B,0,0,1,1,0,0,0,4,1,1,Councillor,0,0,1,0,0,982
98,2,2,4,3,0,None,High,None,Status quo,0,0,0,0,0,0,0,4,1,1,Councillor,0,0,0,0,0,982
98,2,3,7,1,1,Commercial,High,Stables & landscape,Option A,0,0,1,0,0,0,1,4,1,1,Councillor,0,0,1,0,0,983
98,2,3,7,2,0,Residential,Medium,Stables & landscape,Option B,0,1,0,1,0,0,1,4,1,1,Councillor,0,1,0,0,0,983
98,2,3,7,3,0,None,High,None,Status quo,0,0,0,0,0,0,0,4,1,1,Councillor,0,0,0,0,0,983
98,2,4,12,1,0,Limited,Medium,Stables,Option A,1,0,0,1,0,1,0,4,1,1,Councillor,1,0,0,0,0,984
98,2,4,12,2,0,Residential,Low,Stables,Option B,0,1,0,0,1,1,0,4,1,1,Councillor,0,1,0,0,0,984
98,2,4,12,3,1,None,High,None,Status quo,0,0,0,0,0,0,0,4,1,1,Councillor,0,0,0,0,0,984
99,3,1,5,1,0,Limited,Medium,Stables,Option A,1,0,0,1,0,1,0,4,1,1,Councillor,1,0,0,1,0,991
99,3,1,5,2,0,Residential,Medium,Stables & landscape,Option B,0,1,0,1,0,0,1,4,1,1,Councillor,0,1,0,1,0,991
99,3,1,5,3,1,None,High,None,Status quo,0,0,0,0,0,0,0,4,1,1,Councillor,0,0,0,0,0,991
99,3,2,7,1,0,Commercial,High,Stables & landscape,Option A,0,0,1,0,0,0,1,4,1,1,Councillor,0,0,1,0,0,992
99,3,2,7,2,0,Residential,Medium,Stables & landscape,Option B,0,1,0,1,0,0,1,4,1,1,Councillor,0,1,0,1,0,992
99,3,2,7,3,1,None,High,None,Status quo,0,0,0,0,0,0,0,4,1,1,Councillor,0,0,0,0,0,992
99,3,3,10,1,0,Commercial,Low,None,Option A,0,0,1,0,1,0,0,4,1,1,Councillor,0,0,1,0,1,993
99,3,3,10,2,0,Limited,Medium,Stables,Option B,1,0,0,1,0,1,0,4,1,1,Councillor,1,0,0,1,0,993
99,3,3,10,3,1,None,High,None,Status quo,0,0,0,0,0,0,0,4,1,1,Councillor,0,0,0,0,0,993
99,3,4,12,1,0,Limited,Medium,Stables,Option A,1,0,0,1,0,1,0,4,1,1,Councillor,1,0,0,1,0,994
99,3,4,12,2,0,Residential,Low,Stables,Option B,0,1,0,0,1,1,0,4,1,1,Councillor,0,1,0,0,1,994
99,3,4,12,3,1,None,High,None,Status quo,0,0,0,0,0,0,0,4,1,1,Councillor,0,0,0,0,0,994
100,2,1,3,1,0,Residential,Low,Stables & landscape,Option A,0,1,0,0,1,0,1,4,1,1,Councillor,0,1,0,0,0,1001
100,2,1,3,2,0,Limited,Medium,Stables,Option B,1,0,0,1,0,1,0,4,1,1,Councillor,1,0,0,0,0,1001
100,2,1,3,3,1,None,High,None,Status quo,0,0,0,0,0,0,0,4,1,1,Councillor,0,0,0,0,0,1001
100,2,2,6,1,0,Residential,Low,None,Option A,0,1,0,0,1,0,0,4,1,1,Councillor,0,1,0,0,0,1002
100,2,2,6,2,1,Limited,High,Stables & landscape,Option B,1,0,0,0,0,0,1,4,1,1,Councillor,1,0,0,0,0,1002
100,2,2,6,3,0,None,High,None,Status quo,0,0,0,0,0,0,0,4,1,1,Councillor,0,0,0,0,0,1002
100,2,3,8,1,0,Limited,Medium,Stables,Option A,1,0,0,1,0,1,0,4,1,1,Councillor,1,0,0,0,0,1003
100,2,3,8,2,1,Commercial,High,Stables,Option B,0,0,1,0,0,1,0,4,1,1,Councillor,0,0,1,0,0,1003
100,2,3,8,3,0,None,High,None,Status quo,0,0,0,0,0,0,0,4,1,1,Councillor,0,0,0,0,0,1003
100,2,4,10,1,0,Commercial,Low,None,Option A,0,0,1,0,1,0,0,4,1,1,Councillor,0,0,1,0,0,1004
100,2,4,10,2,0,Limited,Medium,Stables,Option B,1,0,0,1,0,1,0,4,1,1,Councillor,1,0,0,0,0,1004
100,2,4,10,3,1,None,High,None,Status quo,0,0,0,0,0,0,0,4,1,1,Councillor,0,0,0,0,0,1004
101,3,1,4,1,1,Residential,High,Stables & landscape,Option A,0,1,0,0,0,0,1,4,1,1,Councillor,0,1,0,0,0,1011
101,3,1,4,2,0,Commercial,Medium,None,Option B,0,0,1,1,0,0,0,4,1,1,Councillor,0,0,1,1,0,1011
101,3,1,4,3,0,None,High,None,Status quo,0,0,0,0,0,0,0,4,1,1,Councillor,0,0,0,0,0,1011
101,3,2,6,1,0,Residential,Low,None,Option A,0,1,0,0,1,0,0,4,1,1,Councillor,0,1,0,0,1,1012
101,3,2,6,2,1,Limited,High,Stables & landscape,Option B,1,0,0,0,0,0,1,4,1,1,Councillor,1,0,0,0,0,1012
101,3,2,6,3,0,None,High,None,Status quo,0,0,0,0,0,0,0,4,1,1,Councillor,0,0,0,0,0,1012
101,3,3,8,1,0,Limited,Medium,Stables,Option A,1,0,0,1,0,1,0,4,1,1,Councillor,1,0,0,1,0,1013
101,3,3,8,2,1,Commercial,High,Stables,Option B,0,0,1,0,0,1,0,4,1,1,Councillor,0,0,1,0,0,1013
101,3,3,8,3,0,None,High,None,Status quo,0,0,0,0,0,0,0,4,1,1,Councillor,0,0,0,0,0,1013
101,3,4,11,1,0,Residential,Low,None,Option A,0,1,0,0,1,0,0,4,1,1,Councillor,0,1,0,0,1,1014
101,3,4,11,2,0,Commercial,High,Stables & landscape,Option B,0,0,1,0,0,0,1,4,1,1,Councillor,0,0,1,0,0,1014
101,3,4,11,3,1,None,High,None,Status quo,0,0,0,0,0,0,0,4,1,1,Councillor,0,0,0,0,0,1014
102,1,1,4,1,1,Residential,High,Stables & landscape,Option A,0,1,0,0,0,0,1,4,1,1,Councillor,0,0,0,0,0,1021
102,1,1,4,2,0,Commercial,Medium,None,Option B,0,0,1,1,0,0,0,4,1,1,Councillor,0,0,0,0,0,1021
102,1,1,4,3,0,None,High,None,Status quo,0,0,0,0,0,0,0,4,1,1,Councillor,0,0,0,0,0,1021
102,1,2,6,1,0,Residential,Low,None,Option A,0,1,0,0,1,0,0,4,1,1,Councillor,0,0,0,0,0,1022
102,1,2,6,2,1,Limited,High,Stables & landscape,Option B,1,0,0,0,0,0,1,4,1,1,Councillor,0,0,0,0,0,1022
102,1,2,6,3,0,None,High,None,Status quo,0,0,0,0,0,0,0,4,1,1,Councillor,0,0,0,0,0,1022
102,1,3,9,1,1,Commercial,High,Stables & landscape,Option A,0,0,1,0,0,0,1,4,1,1,Councillor,0,0,0,0,0,1023
102,1,3,9,2,0,Limited,Medium,Stables,Option B,1,0,0,1,0,1,0,4,1,1,Councillor,0,0,0,0,0,1023
102,1,3,9,3,0,None,High,None,Status quo,0,0,0,0,0,0,0,4,1,1,Councillor,0,0,0,0,0,1023
102,1,4,12,1,1,Limited,Medium,Stables,Option A,1,0,0,1,0,1,0,4,1,1,Councillor,0,0,0,0,0,1024
102,1,4,12,2,0,Residential,Low,Stables,Option B,0,1,0,0,1,1,0,4,1,1,Councillor,0,0,0,0,0,1024
102,1,4,12,3,0,None,High,None,Status quo,0,0,0,0,0,0,0,4,1,1,Councillor,0,0,0,0,0,1024
103,3,1,1,1,1,Residential,High,Stables & landscape,Option A,0,1,0,0,0,0,1,4,1,1,Councillor,0,1,0,0,0,1031
103,3,1,1,2,0,Limited,Low,None,Option B,1,0,0,0,1,0,0,4,1,1,Councillor,1,0,0,0,1,1031
103,3,1,1,3,0,None,High,None,Status quo,0,0,0,0,0,0,0,4,1,1,Councillor,0,0,0,0,0,1031
103,3,2,2,1,0,Commercial,Low,None,Option A,0,0,1,0,1,0,0,4,1,1,Councillor,0,0,1,0,1,1032
103,3,2,2,2,1,Residential,High,Stables & landscape,Option B,0,1,0,0,0,0,1,4,1,1,Councillor,0,1,0,0,0,1032
103,3,2,2,3,0,None,High,None,Status quo,0,0,0,0,0,0,0,4,1,1,Councillor,0,0,0,0,0,1032
103,3,3,3,1,0,Residential,Low,Stables & landscape,Option A,0,1,0,0,1,0,1,4,1,1,Councillor,0,1,0,0,1,1033
103,3,3,3,2,1,Limited,Medium,Stables,Option B,1,0,0,1,0,1,0,4,1,1,Councillor,1,0,0,1,0,1033
103,3,3,3,3,0,None,High,None,Status quo,0,0,0,0,0,0,0,4,1,1,Councillor,0,0,0,0,0,1033
103,3,4,9,1,1,Commercial,High,Stables & landscape,Option A,0,0,1,0,0,0,1,4,1,1,Councillor,0,0,1,0,0,1034
103,3,4,9,2,0,Limited,Medium,Stables,Option B,1,0,0,1,0,1,0,4,1,1,Councillor,1,0,0,1,0,1034
103,3,4,9,3,0,None,High,None,Status quo,0,0,0,0,0,0,0,4,1,1,Councillor,0,0,0,0,0,1034
104,1,1,2,1,0,Commercial,Low,None,Option A,0,0,1,0,1,0,0,4,1,0,Compliance staff,0,0,0,0,0,1041
104,1,1,2,2,1,Residential,High,Stables & landscape,Option B,0,1,0,0,0,0,1,4,1,0,Compliance staff,0,0,0,0,0,1041
104,1,1,2,3,0,None,High,None,Status quo,0,0,0,0,0,0,0,4,1,0,Compliance staff,0,0,0,0,0,1041
104,1,2,5,1,0,Limited,Medium,Stables,Option A,1,0,0,1,0,1,0,4,1,0,Compliance staff,0,0,0,0,0,1042
104,1,2,5,2,1,Residential,Medium,Stables & landscape,Option B,0,1,0,1,0,0,1,4,1,0,Compliance staff,0,0,0,0,0,1042
104,1,2,5,3,0,None,High,None,Status quo,0,0,0,0,0,0,0,4,1,0,Compliance staff,0,0,0,0,0,1042
104,1,3,7,1,0,Commercial,High,Stables & landscape,Option A,0,0,1,0,0,0,1,4,1,0,Compliance staff,0,0,0,0,0,1043
104,1,3,7,2,1,Residential,Medium,Stables & landscape,Option B,0,1,0,1,0,0,1,4,1,0,Compliance staff,0,0,0,0,0,1043
104,1,3,7,3,0,None,High,None,Status quo,0,0,0,0,0,0,0,4,1,0,Compliance staff,0,0,0,0,0,1043
104,1,4,8,1,0,Limited,Medium,Stables,Option A,1,0,0,1,0,1,0,4,1,0,Compliance staff,0,0,0,0,0,1044
104,1,4,8,2,1,Commercial,High,Stables,Option B,0,0,1,0,0,1,0,4,1,0,Compliance staff,0,0,0,0,0,1044
104,1,4,8,3,0,None,High,None,Status quo,0,0,0,0,0,0,0,4,1,0,Compliance staff,0,0,0,0,0,1044
105,3,1,1,1,1,Residential,High,Stables & landscape,Option A,0,1,0,0,0,0,1,4,1,1,Councillor,0,1,0,0,0,1051
105,3,1,1,2,0,Limited,Low,None,Option B,1,0,0,0,1,0,0,4,1,1,Councillor,1,0,0,0,1,1051
105,3,1,1,3,0,None,High,None,Status quo,0,0,0,0,0,0,0,4,1,1,Councillor,0,0,0,0,0,1051
105,3,2,6,1,0,Residential,Low,None,Option A,0,1,0,0,1,0,0,4,1,1,Councillor,0,1,0,0,1,1052
105,3,2,6,2,1,Limited,High,Stables & landscape,Option B,1,0,0,0,0,0,1,4,1,1,Councillor,1,0,0,0,0,1052
105,3,2,6,3,0,None,High,None,Status quo,0,0,0,0,0,0,0,4,1,1,Councillor,0,0,0,0,0,1052
105,3,3,11,1,0,Residential,Low,None,Option A,0,1,0,0,1,0,0,4,1,1,Councillor,0,1,0,0,1,1053
105,3,3,11,2,1,Commercial,High,Stables & landscape,Option B,0,0,1,0,0,0,1,4,1,1,Councillor,0,0,1,0,0,1053
105,3,3,11,3,0,None,High,None,Status quo,0,0,0,0,0,0,0,4,1,1,Councillor,0,0,0,0,0,1053
105,3,4,12,1,0,Limited,Medium,Stables,Option A,1,0,0,1,0,1,0,4,1,1,Councillor,1,0,0,1,0,1054
105,3,4,12,2,0,Residential,Low,Stables,Option B,0,1,0,0,1,1,0,4,1,1,Councillor,0,1,0,0,1,1054
105,3,4,12,3,1,None,High,None,Status quo,0,0,0,0,0,0,0,4,1,1,Councillor,0,0,0,0,0,1054
108,1,1,3,1,0,Residential,Low,Stables & landscape,Option A,0,1,0,0,1,0,1,4,1,1,Councillor,0,0,0,0,0,1081
108,1,1,3,2,0,Limited,Medium,Stables,Option B,1,0,0,1,0,1,0,4,1,1,Councillor,0,0,0,0,0,1081
108,1,1,3,3,1,None,High,None,Status quo,0,0,0,0,0,0,0,4,1,1,Councillor,0,0,0,0,0,1081
108,1,2,4,1,1,Residential,High,Stables & landscape,Option A,0,1,0,0,0,0,1,4,1,1,Councillor,0,0,0,0,0,1082
108,1,2,4,2,0,Commercial,Medium,None,Option B,0,0,1,1,0,0,0,4,1,1,Councillor,0,0,0,0,0,1082
108,1,2,4,3,0,None,High,None,Status quo,0,0,0,0,0,0,0,4,1,1,Councillor,0,0,0,0,0,1082
108,1,3,5,1,0,Limited,Medium,Stables,Option A,1,0,0,1,0,1,0,4,1,1,Councillor,0,0,0,0,0,1083
108,1,3,5,2,0,Residential,Medium,Stables & landscape,Option B,0,1,0,1,0,0,1,4,1,1,Councillor,0,0,0,0,0,1083
108,1,3,5,3,1,None,High,None,Status quo,0,0,0,0,0,0,0,4,1,1,Councillor,0,0,0,0,0,1083
108,1,4,10,1,0,Commercial,Low,None,Option A,0,0,1,0,1,0,0,4,1,1,Councillor,0,0,0,0,0,1084
108,1,4,10,2,0,Limited,Medium,Stables,Option B,1,0,0,1,0,1,0,4,1,1,Councillor,0,0,0,0,0,1084
108,1,4,10,3,1,None,High,None,Status quo,0,0,0,0,0,0,0,4,1,1,Councillor,0,0,0,0,0,1084
109,2,1,1,1,0,Residential,High,Stables & landscape,Option A,0,1,0,0,0,0,1,4,1,1,Councillor,0,1,0,0,0,1091
109,2,1,1,2,0,Limited,Low,None,Option B,1,0,0,0,1,0,0,4,1,1,Councillor,1,0,0,0,0,1091
109,2,1,1,3,1,None,High,None,Status quo,0,0,0,0,0,0,0,4,1,1,Councillor,0,0,0,0,0,1091
109,2,2,2,1,0,Commercial,Low,None,Option A,0,0,1,0,1,0,0,4,1,1,Councillor,0,0,1,0,0,1092
109,2,2,2,2,1,Residential,High,Stables & landscape,Option B,0,1,0,0,0,0,1,4,1,1,Councillor,0,1,0,0,0,1092
109,2,2,2,3,0,None,High,None,Status quo,0,0,0,0,0,0,0,4,1,1,Councillor,0,0,0,0,0,1092
109,2,3,5,1,0,Limited,Medium,Stables,Option A,1,0,0,1,0,1,0,4,1,1,Councillor,1,0,0,0,0,1093
109,2,3,5,2,0,Residential,Medium,Stables & landscape,Option B,0,1,0,1,0,0,1,4,1,1,Councillor,0,1,0,0,0,1093
109,2,3,5,3,1,None,High,None,Status quo,0,0,0,0,0,0,0,4,1,1,Councillor,0,0,0,0,0,1093
109,2,4,11,1,1,Residential,Low,None,Option A,0,1,0,0,1,0,0,4,1,1,Councillor,0,1,0,0,0,1094
109,2,4,11,2,0,Commercial,High,Stables & landscape,Option B,0,0,1,0,0,0,1,4,1,1,Councillor,0,0,1,0,0,1094
109,2,4,11,3,0,None,High,None,Status quo,0,0,0,0,0,0,0,4,1,1,Councillor,0,0,0,0,0,1094
110,3,1,2,1,0,Commercial,Low,None,Option A,0,0,1,0,1,0,0,4,1,0,Policy staff,0,0,1,0,1,1101
110,3,1,2,2,1,Residential,High,Stables & landscape,Option B,0,1,0,0,0,0,1,4,1,0,Policy staff,0,1,0,0,0,1101
110,3,1,2,3,0,None,High,None,Status quo,0,0,0,0,0,0,0,4,1,0,Policy staff,0,0,0,0,0,1101
110,3,2,4,1,1,Residential,High,Stables & landscape,Option A,0,1,0,0,0,0,1,4,1,0,Policy staff,0,1,0,0,0,1102
110,3,2,4,2,0,Commercial,Medium,None,Option B,0,0,1,1,0,0,0,4,1,0,Policy staff,0,0,1,1,0,1102
110,3,2,4,3,0,None,High,None,Status quo,0,0,0,0,0,0,0,4,1,0,Policy staff,0,0,0,0,0,1102
110,3,3,5,1,1,Limited,Medium,Stables,Option A,1,0,0,1,0,1,0,4,1,0,Policy staff,1,0,0,1,0,1103
110,3,3,5,2,0,Residential,Medium,Stables & landscape,Option B,0,1,0,1,0,0,1,4,1,0,Policy staff,0,1,0,1,0,1103
110,3,3,5,3,0,None,High,None,Status quo,0,0,0,0,0,0,0,4,1,0,Policy staff,0,0,0,0,0,1103
110,3,4,9,1,1,Commercial,High,Stables & landscape,Option A,0,0,1,0,0,0,1,4,1,0,Policy staff,0,0,1,0,0,1104
110,3,4,9,2,0,Limited,Medium,Stables,Option B,1,0,0,1,0,1,0,4,1,0,Policy staff,1,0,0,1,0,1104
110,3,4,9,3,0,None,High,None,Status quo,0,0,0,0,0,0,0,4,1,0,Policy staff,0,0,0,0,0,1104
111,2,1,1,1,1,Residential,High,Stables & landscape,Option A,0,1,0,0,0,0,1,3,0,1,Councillor,0,1,0,0,0,1111
111,2,1,1,2,0,Limited,Low,None,Option B,1,0,0,0,1,0,0,3,0,1,Councillor,1,0,0,0,0,1111
111,2,1,1,3,0,None,High,None,Status quo,0,0,0,0,0,0,0,3,0,1,Councillor,0,0,0,0,0,1111
111,2,2,1,1,1,Residential,High,Stables & landscape,Option A,0,1,0,0,0,0,1,3,0,1,Councillor,0,1,0,0,0,1112
111,2,2,1,2,0,Limited,Low,None,Option B,1,0,0,0,1,0,0,3,0,1,Councillor,1,0,0,0,0,1112
111,2,2,1,3,0,None,High,None,Status quo,0,0,0,0,0,0,0,3,0,1,Councillor,0,0,0,0,0,1112
111,2,3,3,1,1,Residential,Low,Stables & landscape,Option A,0,1,0,0,1,0,1,3,0,1,Councillor,0,1,0,0,0,1113
111,2,3,3,2,0,Limited,Medium,Stables,Option B,1,0,0,1,0,1,0,3,0,1,Councillor,1,0,0,0,0,1113
111,2,3,3,3,0,None,High,None,Status quo,0,0,0,0,0,0,0,3,0,1,Councillor,0,0,0,0,0,1113
111,2,4,7,1,1,Commercial,High,Stables & landscape,Option A,0,0,1,0,0,0,1,3,0,1,Councillor,0,0,1,0,0,1114
111,2,4,7,2,0,Residential,Medium,Stables & landscape,Option B,0,1,0,1,0,0,1,3,0,1,Councillor,0,1,0,0,0,1114
111,2,4,7,3,0,None,High,None,Status quo,0,0,0,0,0,0,0,3,0,1,Councillor,0,0,0,0,0,1114
112,1,1,1,1,0,Residential,High,Stables & landscape,Option A,0,1,0,0,0,0,1,4,1,1,Councillor,0,0,0,0,0,1121
112,1,1,1,2,0,Limited,Low,None,Option B,1,0,0,0,1,0,0,4,1,1,Councillor,0,0,0,0,0,1121
112,1,1,1,3,1,None,High,None,Status quo,0,0,0,0,0,0,0,4,1,1,Councillor,0,0,0,0,0,1121
112,1,2,2,1,0,Commercial,Low,None,Option A,0,0,1,0,1,0,0,4,1,1,Councillor,0,0,0,0,0,1122
112,1,2,2,2,0,Residential,High,Stables & landscape,Option B,0,1,0,0,0,0,1,4,1,1,Councillor,0,0,0,0,0,1122
112,1,2,2,3,1,None,High,None,Status quo,0,0,0,0,0,0,0,4,1,1,Councillor,0,0,0,0,0,1122
112,1,3,8,1,0,Limited,Medium,Stables,Option A,1,0,0,1,0,1,0,4,1,1,Councillor,0,0,0,0,0,1123
112,1,3,8,2,1,Commercial,High,Stables,Option B,0,0,1,0,0,1,0,4,1,1,Councillor,0,0,0,0,0,1123
112,1,3,8,3,0,None,High,None,Status quo,0,0,0,0,0,0,0,4,1,1,Councillor,0,0,0,0,0,1123
112,1,4,11,1,0,Residential,Low,None,Option A,0,1,0,0,1,0,0,4,1,1,Councillor,0,0,0,0,0,1124
112,1,4,11,2,0,Commercial,High,Stables & landscape,Option B,0,0,1,0,0,0,1,4,1,1,Councillor,0,0,0,0,0,1124
112,1,4,11,3,1,None,High,None,Status quo,0,0,0,0,0,0,0,4,1,1,Councillor,0,0,0,0,0,1124
113,1,1,3,1,0,Residential,Low,Stables & landscape,Option A,0,1,0,0,1,0,1,4,1,1,Councillor,0,0,0,0,0,1131
113,1,1,3,2,1,Limited,Medium,Stables,Option B,1,0,0,1,0,1,0,4,1,1,Councillor,0,0,0,0,0,1131
113,1,1,3,3,0,None,High,None,Status quo,0,0,0,0,0,0,0,4,1,1,Councillor,0,0,0,0,0,1131
113,1,2,8,1,0,Limited,Medium,Stables,Option A,1,0,0,1,0,1,0,4,1,1,Councillor,0,0,0,0,0,1132
113,1,2,8,2,1,Commercial,High,Stables,Option B,0,0,1,0,0,1,0,4,1,1,Councillor,0,0,0,0,0,1132
113,1,2,8,3,0,None,High,None,Status quo,0,0,0,0,0,0,0,4,1,1,Councillor,0,0,0,0,0,1132
113,1,3,10,1,0,Commercial,Low,None,Option A,0,0,1,0,1,0,0,4,1,1,Councillor,0,0,0,0,0,1133
113,1,3,10,2,1,Limited,Medium,Stables,Option B,1,0,0,1,0,1,0,4,1,1,Councillor,0,0,0,0,0,1133
113,1,3,10,3,0,None,High,None,Status quo,0,0,0,0,0,0,0,4,1,1,Councillor,0,0,0,0,0,1133
113,1,4,12,1,1,Limited,Medium,Stables,Option A,1,0,0,1,0,1,0,4,1,1,Councillor,0,0,0,0,0,1134
113,1,4,12,2,0,Residential,Low,Stables,Option B,0,1,0,0,1,1,0,4,1,1,Councillor,0,0,0,0,0,1134
113,1,4,12,3,0,None,High,None,Status quo,0,0,0,0,0,0,0,4,1,1,Councillor,0,0,0,0,0,1134
114,2,1,5,1,0,Limited,Medium,Stables,Option A,1,0,0,1,0,1,0,4,1,1,Councillor,1,0,0,0,0,1141
114,2,1,5,2,0,Residential,Medium,Stables & landscape,Option B,0,1,0,1,0,0,1,4,1,1,Councillor,0,1,0,0,0,1141
114,2,1,5,3,1,None,High,None,Status quo,0,0,0,0,0,0,0,4,1,1,Councillor,0,0,0,0,0,1141
114,2,2,6,1,0,Residential,Low,None,Option A,0,1,0,0,1,0,0,4,1,1,Councillor,0,1,0,0,0,1142
114,2,2,6,2,1,Limited,High,Stables & landscape,Option B,1,0,0,0,0,0,1,4,1,1,Councillor,1,0,0,0,0,1142
114,2,2,6,3,0,None,High,None,Status quo,0,0,0,0,0,0,0,4,1,1,Councillor,0,0,0,0,0,1142
114,2,3,9,1,1,Commercial,High,Stables & landscape,Option A,0,0,1,0,0,0,1,4,1,1,Councillor,0,0,1,0,0,1143
114,2,3,9,2,0,Limited,Medium,Stables,Option B,1,0,0,1,0,1,0,4,1,1,Councillor,1,0,0,0,0,1143
114,2,3,9,3,0,None,High,None,Status quo,0,0,0,0,0,0,0,4,1,1,Councillor,0,0,0,0,0,1143
114,2,4,12,1,0,Limited,Medium,Stables,Option A,1,0,0,1,0,1,0,4,1,1,Councillor,1,0,0,0,0,1144
114,2,4,12,2,0,Residential,Low,Stables,Option B,0,1,0,0,1,1,0,4,1,1,Councillor,0,1,0,0,0,1144
114,2,4,12,3,1,None,High,None,Status quo,0,0,0,0,0,0,0,4,1,1,Councillor,0,0,0,0,0,1144
115,3,1,3,1,0,Residential,Low,Stables & landscape,Option A,0,1,0,0,1,0,1,4,1,0,Policy staff,0,1,0,0,1,1151
115,3,1,3,2,0,Limited,Medium,Stables,Option B,1,0,0,1,0,1,0,4,1,0,Policy staff,1,0,0,1,0,1151
115,3,1,3,3,1,None,High,None,Status quo,0,0,0,0,0,0,0,4,1,0,Policy staff,0,0,0,0,0,1151
115,3,2,7,1,0,Commercial,High,Stables & landscape,Option A,0,0,1,0,0,0,1,4,1,0,Policy staff,0,0,1,0,0,1152
115,3,2,7,2,0,Residential,Medium,Stables & landscape,Option B,0,1,0,1,0,0,1,4,1,0,Policy staff,0,1,0,1,0,1152
115,3,2,7,3,1,None,High,None,Status quo,0,0,0,0,0,0,0,4,1,0,Policy staff,0,0,0,0,0,1152
115,3,3,8,1,0,Limited,Medium,Stables,Option A,1,0,0,1,0,1,0,4,1,0,Policy staff,1,0,0,1,0,1153
115,3,3,8,2,1,Commercial,High,Stables,Option B,0,0,1,0,0,1,0,4,1,0,Policy staff,0,0,1,0,0,1153
115,3,3,8,3,0,None,High,None,Status quo,0,0,0,0,0,0,0,4,1,0,Policy staff,0,0,0,0,0,1153
115,3,4,10,1,0,Commercial,Low,None,Option A,0,0,1,0,1,0,0,4,1,0,Policy staff,0,0,1,0,1,1154
115,3,4,10,2,0,Limited,Medium,Stables,Option B,1,0,0,1,0,1,0,4,1,0,Policy staff,1,0,0,1,0,1154
115,3,4,10,3,1,None,High,None,Status quo,0,0,0,0,0,0,0,4,1,0,Policy staff,0,0,0,0,0,1154
116,3,1,3,1,0,Residential,Low,Stables & landscape,Option A,0,1,0,0,1,0,1,4,1,0,Policy staff,0,1,0,0,1,1161
116,3,1,3,2,0,Limited,Medium,Stables,Option B,1,0,0,1,0,1,0,4,1,0,Policy staff,1,0,0,1,0,1161
116,3,1,3,3,1,None,High,None,Status quo,0,0,0,0,0,0,0,4,1,0,Policy staff,0,0,0,0,0,1161
116,3,2,6,1,0,Residential,Low,None,Option A,0,1,0,0,1,0,0,4,1,0,Policy staff,0,1,0,0,1,1162
116,3,2,6,2,1,Limited,High,Stables & landscape,Option B,1,0,0,0,0,0,1,4,1,0,Policy staff,1,0,0,0,0,1162
116,3,2,6,3,0,None,High,None,Status quo,0,0,0,0,0,0,0,4,1,0,Policy staff,0,0,0,0,0,1162
116,3,3,8,1,0,Limited,Medium,Stables,Option A,1,0,0,1,0,1,0,4,1,0,Policy staff,1,0,0,1,0,1163
116,3,3,8,2,0,Commercial,High,Stables,Option B,0,0,1,0,0,1,0,4,1,0,Policy staff,0,0,1,0,0,1163
116,3,3,8,3,1,None,High,None,Status quo,0,0,0,0,0,0,0,4,1,0,Policy staff,0,0,0,0,0,1163
116,3,4,12,1,0,Limited,Medium,Stables,Option A,1,0,0,1,0,1,0,4,1,0,Policy staff,1,0,0,1,0,1164
116,3,4,12,2,0,Residential,Low,Stables,Option B,0,1,0,0,1,1,0,4,1,0,Policy staff,0,1,0,0,1,1164
116,3,4,12,3,1,None,High,None,Status quo,0,0,0,0,0,0,0,4,1,0,Policy staff,0,0,0,0,0,1164
117,2,1,1,1,0,Residential,High,Stables & landscape,Option A,0,1,0,0,0,0,1,4,1,1,Councillor,0,1,0,0,0,1171
117,2,1,1,2,0,Limited,Low,None,Option B,1,0,0,0,1,0,0,4,1,1,Councillor,1,0,0,0,0,1171
117,2,1,1,3,1,None,High,None,Status quo,0,0,0,0,0,0,0,4,1,1,Councillor,0,0,0,0,0,1171
117,2,2,4,1,0,Residential,High,Stables & landscape,Option A,0,1,0,0,0,0,1,4,1,1,Councillor,0,1,0,0,0,1172
117,2,2,4,2,0,Commercial,Medium,None,Option B,0,0,1,1,0,0,0,4,1,1,Councillor,0,0,1,0,0,1172
117,2,2,4,3,1,None,High,None,Status quo,0,0,0,0,0,0,0,4,1,1,Councillor,0,0,0,0,0,1172
117,2,3,6,1,0,Residential,Low,None,Option A,0,1,0,0,1,0,0,4,1,1,Councillor,0,1,0,0,0,1173
117,2,3,6,2,0,Limited,High,Stables & landscape,Option B,1,0,0,0,0,0,1,4,1,1,Councillor,1,0,0,0,0,1173
117,2,3,6,3,1,None,High,None,Status quo,0,0,0,0,0,0,0,4,1,1,Councillor,0,0,0,0,0,1173
117,2,4,10,1,0,Commercial,Low,None,Option A,0,0,1,0,1,0,0,4,1,1,Councillor,0,0,1,0,0,1174
117,2,4,10,2,0,Limited,Medium,Stables,Option B,1,0,0,1,0,1,0,4,1,1,Councillor,1,0,0,0,0,1174
117,2,4,10,3,1,None,High,None,Status quo,0,0,0,0,0,0,0,4,1,1,Councillor,0,0,0,0,0,1174
118,1,1,4,1,1,Residential,High,Stables & landscape,Option A,0,1,0,0,0,0,1,4,1,0,Policy staff,0,0,0,0,0,1181
118,1,1,4,2,0,Commercial,Medium,None,Option B,0,0,1,1,0,0,0,4,1,0,Policy staff,0,0,0,0,0,1181
118,1,1,4,3,0,None,High,None,Status quo,0,0,0,0,0,0,0,4,1,0,Policy staff,0,0,0,0,0,1181
118,1,2,7,1,1,Commercial,High,Stables & landscape,Option A,0,0,1,0,0,0,1,4,1,0,Policy staff,0,0,0,0,0,1182
118,1,2,7,2,0,Residential,Medium,Stables & landscape,Option B,0,1,0,1,0,0,1,4,1,0,Policy staff,0,0,0,0,0,1182
118,1,2,7,3,0,None,High,None,Status quo,0,0,0,0,0,0,0,4,1,0,Policy staff,0,0,0,0,0,1182
118,1,3,9,1,0,Commercial,High,Stables & landscape,Option A,0,0,1,0,0,0,1,4,1,0,Policy staff,0,0,0,0,0,1183
118,1,3,9,2,1,Limited,Medium,Stables,Option B,1,0,0,1,0,1,0,4,1,0,Policy staff,0,0,0,0,0,1183
118,1,3,9,3,0,None,High,None,Status quo,0,0,0,0,0,0,0,4,1,0,Policy staff,0,0,0,0,0,1183
118,1,4,11,1,0,Residential,Low,None,Option A,0,1,0,0,1,0,0,4,1,0,Policy staff,0,0,0,0,0,1184
118,1,4,11,2,0,Commercial,High,Stables & landscape,Option B,0,0,1,0,0,0,1,4,1,0,Policy staff,0,0,0,0,0,1184
118,1,4,11,3,1,None,High,None,Status quo,0,0,0,0,0,0,0,4,1,0,Policy staff,0,0,0,0,0,1184
119,3,1,1,1,1,Residential,High,Stables & landscape,Option A,0,1,0,0,0,0,1,4,1,1,Councillor,0,1,0,0,0,1191
119,3,1,1,2,0,Limited,Low,None,Option B,1,0,0,0,1,0,0,4,1,1,Councillor,1,0,0,0,1,1191
119,3,1,1,3,0,None,High,None,Status quo,0,0,0,0,0,0,0,4,1,1,Councillor,0,0,0,0,0,1191
119,3,2,2,1,0,Commercial,Low,None,Option A,0,0,1,0,1,0,0,4,1,1,Councillor,0,0,1,0,1,1192
119,3,2,2,2,1,Residential,High,Stables & landscape,Option B,0,1,0,0,0,0,1,4,1,1,Councillor,0,1,0,0,0,1192
119,3,2,2,3,0,None,High,None,Status quo,0,0,0,0,0,0,0,4,1,1,Councillor,0,0,0,0,0,1192
119,3,3,10,1,0,Commercial,Low,None,Option A,0,0,1,0,1,0,0,4,1,1,Councillor,0,0,1,0,1,1193
119,3,3,10,2,1,Limited,Medium,Stables,Option B,1,0,0,1,0,1,0,4,1,1,Councillor,1,0,0,1,0,1193
119,3,3,10,3,0,None,High,None,Status quo,0,0,0,0,0,0,0,4,1,1,Councillor,0,0,0,0,0,1193
119,3,4,11,1,0,Residential,Low,None,Option A,0,1,0,0,1,0,0,4,1,1,Councillor,0,1,0,0,1,1194
119,3,4,11,2,1,Commercial,High,Stables & landscape,Option B,0,0,1,0,0,0,1,4,1,1,Councillor,0,0,1,0,0,1194
119,3,4,11,3,0,None,High,None,Status quo,0,0,0,0,0,0,0,4,1,1,Councillor,0,0,0,0,0,1194
120,2,1,2,1,0,Commercial,Low,None,Option A,0,0,1,0,1,0,0,4,1,1,Councillor,0,0,1,0,0,1201
120,2,1,2,2,1,Residential,High,Stables & landscape,Option B,0,1,0,0,0,0,1,4,1,1,Councillor,0,1,0,0,0,1201
120,2,1,2,3,0,None,High,None,Status quo,0,0,0,0,0,0,0,4,1,1,Councillor,0,0,0,0,0,1201
120,2,2,8,1,0,Limited,Medium,Stables,Option A,1,0,0,1,0,1,0,4,1,1,Councillor,1,0,0,0,0,1202
120,2,2,8,2,1,Commercial,High,Stables,Option B,0,0,1,0,0,1,0,4,1,1,Councillor,0,0,1,0,0,1202
120,2,2,8,3,0,None,High,None,Status quo,0,0,0,0,0,0,0,4,1,1,Councillor,0,0,0,0,0,1202
120,2,3,9,1,1,Commercial,High,Stables & landscape,Option A,0,0,1,0,0,0,1,4,1,1,Councillor,0,0,1,0,0,1203
120,2,3,9,2,0,Limited,Medium,Stables,Option B,1,0,0,1,0,1,0,4,1,1,Councillor,1,0,0,0,0,1203
120,2,3,9,3,0,None,High,None,Status quo,0,0,0,0,0,0,0,4,1,1,Councillor,0,0,0,0,0,1203
120,2,4,11,1,0,Residential,Low,None,Option A,0,1,0,0,1,0,0,4,1,1,Councillor,0,1,0,0,0,1204
120,2,4,11,2,1,Commercial,High,Stables & landscape,Option B,0,0,1,0,0,0,1,4,1,1,Councillor,0,0,1,0,0,1204
120,2,4,11,3,0,None,High,None,Status quo,0,0,0,0,0,0,0,4,1,1,Councillor,0,0,0,0,0,1204
121,3,1,3,1,0,Residential,Low,Stables & landscape,Option A,0,1,0,0,1,0,1,4,1,1,Councillor,0,1,0,0,1,1211
121,3,1,3,2,1,Limited,Medium,Stables,Option B,1,0,0,1,0,1,0,4,1,1,Councillor,1,0,0,1,0,1211
121,3,1,3,3,0,None,High,None,Status quo,0,0,0,0,0,0,0,4,1,1,Councillor,0,0,0,0,0,1211
121,3,2,5,1,0,Limited,Medium,Stables,Option A,1,0,0,1,0,1,0,4,1,1,Councillor,1,0,0,1,0,1212
121,3,2,5,2,1,Residential,Medium,Stables & landscape,Option B,0,1,0,1,0,0,1,4,1,1,Councillor,0,1,0,1,0,1212
121,3,2,5,3,0,None,High,None,Status quo,0,0,0,0,0,0,0,4,1,1,Councillor,0,0,0,0,0,1212
121,3,3,11,1,0,Residential,Low,None,Option A,0,1,0,0,1,0,0,4,1,1,Councillor,0,1,0,0,1,1213
121,3,3,11,2,1,Commercial,High,Stables & landscape,Option B,0,0,1,0,0,0,1,4,1,1,Councillor,0,0,1,0,0,1213
121,3,3,11,3,0,None,High,None,Status quo,0,0,0,0,0,0,0,4,1,1,Councillor,0,0,0,0,0,1213
121,3,4,12,1,0,Limited,Medium,Stables,Option A,1,0,0,1,0,1,0,4,1,1,Councillor,1,0,0,1,0,1214
121,3,4,12,2,1,Residential,Low,Stables,Option B,0,1,0,0,1,1,0,4,1,1,Councillor,0,1,0,0,1,1214
121,3,4,12,3,0,None,High,None,Status quo,0,0,0,0,0,0,0,4,1,1,Councillor,0,0,0,0,0,1214
122,1,1,1,1,0,Residential,High,Stables & landscape,Option A,0,1,0,0,0,0,1,4,1,1,Councillor,0,0,0,0,0,1221
122,1,1,1,2,1,Limited,Low,None,Option B,1,0,0,0,1,0,0,4,1,1,Councillor,0,0,0,0,0,1221
122,1,1,1,3,0,None,High,None,Status quo,0,0,0,0,0,0,0,4,1,1,Councillor,0,0,0,0,0,1221
122,1,2,2,1,0,Commercial,Low,None,Option A,0,0,1,0,1,0,0,4,1,1,Councillor,0,0,0,0,0,1222
122,1,2,2,2,1,Residential,High,Stables & landscape,Option B,0,1,0,0,0,0,1,4,1,1,Councillor,0,0,0,0,0,1222
122,1,2,2,3,0,None,High,None,Status quo,0,0,0,0,0,0,0,4,1,1,Councillor,0,0,0,0,0,1222
122,1,3,4,1,0,Residential,High,Stables & landscape,Option A,0,1,0,0,0,0,1,4,1,1,Councillor,0,0,0,0,0,1223
122,1,3,4,2,1,Commercial,Medium,None,Option B,0,0,1,1,0,0,0,4,1,1,Councillor,0,0,0,0,0,1223
122,1,3,4,3,0,None,High,None,Status quo,0,0,0,0,0,0,0,4,1,1,Councillor,0,0,0,0,0,1223
122,1,4,5,1,0,Limited,Medium,Stables,Option A,1,0,0,1,0,1,0,4,1,1,Councillor,0,0,0,0,0,1224
122,1,4,5,2,1,Residential,Medium,Stables & landscape,Option B,0,1,0,1,0,0,1,4,1,1,Councillor,0,0,0,0,0,1224
122,1,4,5,3,0,None,High,None,Status quo,0,0,0,0,0,0,0,4,1,1,Councillor,0,0,0,0,0,1224
123,2,1,1,1,1,Residential,High,Stables & landscape,Option A,0,1,0,0,0,0,1,3,0,1,Councillor,0,1,0,0,0,1231
123,2,1,1,2,0,Limited,Low,None,Option B,1,0,0,0,1,0,0,3,0,1,Councillor,1,0,0,0,0,1231
123,2,1,1,3,0,None,High,None,Status quo,0,0,0,0,0,0,0,3,0,1,Councillor,0,0,0,0,0,1231
123,2,2,1,1,1,Residential,High,Stables & landscape,Option A,0,1,0,0,0,0,1,3,0,1,Councillor,0,1,0,0,0,1232
123,2,2,1,2,0,Limited,Low,None,Option B,1,0,0,0,1,0,0,3,0,1,Councillor,1,0,0,0,0,1232
123,2,2,1,3,0,None,High,None,Status quo,0,0,0,0,0,0,0,3,0,1,Councillor,0,0,0,0,0,1232
123,2,3,7,1,1,Commercial,High,Stables & landscape,Option A,0,0,1,0,0,0,1,3,0,1,Councillor,0,0,1,0,0,1233
123,2,3,7,2,0,Residential,Medium,Stables & landscape,Option B,0,1,0,1,0,0,1,3,0,1,Councillor,0,1,0,0,0,1233
123,2,3,7,3,0,None,High,None,Status quo,0,0,0,0,0,0,0,3,0,1,Councillor,0,0,0,0,0,1233
123,2,4,12,1,1,Limited,Medium,Stables,Option A,1,0,0,1,0,1,0,3,0,1,Councillor,1,0,0,0,0,1234
123,2,4,12,2,0,Residential,Low,Stables,Option B,0,1,0,0,1,1,0,3,0,1,Councillor,0,1,0,0,0,1234
123,2,4,12,3,0,None,High,None,Status quo,0,0,0,0,0,0,0,3,0,1,Councillor,0,0,0,0,0,1234
124,1,1,6,1,0,Residential,Low,None,Option A,0,1,0,0,1,0,0,4,1,1,Councillor,0,0,0,0,0,1241
124,1,1,6,2,1,Limited,High,Stables & landscape,Option B,1,0,0,0,0,0,1,4,1,1,Councillor,0,0,0,0,0,1241
124,1,1,6,3,0,None,High,None,Status quo,0,0,0,0,0,0,0,4,1,1,Councillor,0,0,0,0,0,1241
124,1,2,7,1,1,Commercial,High,Stables & landscape,Option A,0,0,1,0,0,0,1,4,1,1,Councillor,0,0,0,0,0,1242
124,1,2,7,2,0,Residential,Medium,Stables & landscape,Option B,0,1,0,1,0,0,1,4,1,1,Councillor,0,0,0,0,0,1242
124,1,2,7,3,0,None,High,None,Status quo,0,0,0,0,0,0,0,4,1,1,Councillor,0,0,0,0,0,1242
124,1,3,11,1,0,Residential,Low,None,Option A,0,1,0,0,1,0,0,4,1,1,Councillor,0,0,0,0,0,1243
124,1,3,11,2,1,Commercial,High,Stables & landscape,Option B,0,0,1,0,0,0,1,4,1,1,Councillor,0,0,0,0,0,1243
124,1,3,11,3,0,None,High,None,Status quo,0,0,0,0,0,0,0,4,1,1,Councillor,0,0,0,0,0,1243
124,1,4,12,1,0,Limited,Medium,Stables,Option A,1,0,0,1,0,1,0,4,1,1,Councillor,0,0,0,0,0,1244
124,1,4,12,2,0,Residential,Low,Stables,Option B,0,1,0,0,1,1,0,4,1,1,Councillor,0,0,0,0,0,1244
124,1,4,12,3,1,None,High,None,Status quo,0,0,0,0,0,0,0,4,1,1,Councillor,0,0,0,0,0,1244
125,2,1,3,1,0,Residential,Low,Stables & landscape,Option A,0,1,0,0,1,0,1,4,1,1,Councillor,0,1,0,0,0,1251
125,2,1,3,2,1,Limited,Medium,Stables,Option B,1,0,0,1,0,1,0,4,1,1,Councillor,1,0,0,0,0,1251
125,2,1,3,3,0,None,High,None,Status quo,0,0,0,0,0,0,0,4,1,1,Councillor,0,0,0,0,0,1251
125,2,2,5,1,0,Limited,Medium,Stables,Option A,1,0,0,1,0,1,0,4,1,1,Councillor,1,0,0,0,0,1252
125,2,2,5,2,0,Residential,Medium,Stables & landscape,Option B,0,1,0,1,0,0,1,4,1,1,Councillor,0,1,0,0,0,1252
125,2,2,5,3,1,None,High,None,Status quo,0,0,0,0,0,0,0,4,1,1,Councillor,0,0,0,0,0,1252
125,2,3,7,1,1,Commercial,High,Stables & landscape,Option A,0,0,1,0,0,0,1,4,1,1,Councillor,0,0,1,0,0,1253
125,2,3,7,2,0,Residential,Medium,Stables & landscape,Option B,0,1,0,1,0,0,1,4,1,1,Councillor,0,1,0,0,0,1253
125,2,3,7,3,0,None,High,None,Status quo,0,0,0,0,0,0,0,4,1,1,Councillor,0,0,0,0,0,1253
125,2,4,8,1,0,Limited,Medium,Stables,Option A,1,0,0,1,0,1,0,4,1,1,Councillor,1,0,0,0,0,1254
125,2,4,8,2,1,Commercial,High,Stables,Option B,0,0,1,0,0,1,0,4,1,1,Councillor,0,0,1,0,0,1254
125,2,4,8,3,0,None,High,None,Status quo,0,0,0,0,0,0,0,4,1,1,Councillor,0,0,0,0,0,1254
126,3,1,2,1,0,Commercial,Low,None,Option A,0,0,1,0,1,0,0,4,1,0,Not answered,0,0,1,0,1,1261
126,3,1,2,2,1,Residential,High,Stables & landscape,Option B,0,1,0,0,0,0,1,4,1,0,Not answered,0,1,0,0,0,1261
126,3,1,2,3,0,None,High,None,Status quo,0,0,0,0,0,0,0,4,1,0,Not answered,0,0,0,0,0,1261
126,3,2,4,1,1,Residential,High,Stables & landscape,Option A,0,1,0,0,0,0,1,4,1,0,Not answered,0,1,0,0,0,1262
126,3,2,4,2,0,Commercial,Medium,None,Option B,0,0,1,1,0,0,0,4,1,0,Not answered,0,0,1,1,0,1262
126,3,2,4,3,0,None,High,None,Status quo,0,0,0,0,0,0,0,4,1,0,Not answered,0,0,0,0,0,1262
126,3,3,6,1,0,Residential,Low,None,Option A,0,1,0,0,1,0,0,4,1,0,Not answered,0,1,0,0,1,1263
126,3,3,6,2,1,Limited,High,Stables & landscape,Option B,1,0,0,0,0,0,1,4,1,0,Not answered,1,0,0,0,0,1263
126,3,3,6,3,0,None,High,None,Status quo,0,0,0,0,0,0,0,4,1,0,Not answered,0,0,0,0,0,1263
126,3,4,8,1,0,Limited,Medium,Stables,Option A,1,0,0,1,0,1,0,4,1,0,Not answered,1,0,0,1,0,1264
126,3,4,8,2,1,Commercial,High,Stables,Option B,0,0,1,0,0,1,0,4,1,0,Not answered,0,0,1,0,0,1264
126,3,4,8,3,0,None,High,None,Status quo,0,0,0,0,0,0,0,4,1,0,Not answered,0,0,0,0,0,1264
127,1,1,3,1,0,Residential,Low,Stables & landscape,Option A,0,1,0,0,1,0,1,4,1,1,Councillor,0,0,0,0,0,1271
127,1,1,3,2,1,Limited,Medium,Stables,Option B,1,0,0,1,0,1,0,4,1,1,Councillor,0,0,0,0,0,1271
127,1,1,3,3,0,None,High,None,Status quo,0,0,0,0,0,0,0,4,1,1,Councillor,0,0,0,0,0,1271
127,1,2,8,1,0,Limited,Medium,Stables,Option A,1,0,0,1,0,1,0,4,1,1,Councillor,0,0,0,0,0,1272
127,1,2,8,2,1,Commercial,High,Stables,Option B,0,0,1,0,0,1,0,4,1,1,Councillor,0,0,0,0,0,1272
127,1,2,8,3,0,None,High,None,Status quo,0,0,0,0,0,0,0,4,1,1,Councillor,0,0,0,0,0,1272
127,1,3,9,1,1,Commercial,High,Stables & landscape,Option A,0,0,1,0,0,0,1,4,1,1,Councillor,0,0,0,0,0,1273
127,1,3,9,2,0,Limited,Medium,Stables,Option B,1,0,0,1,0,1,0,4,1,1,Councillor,0,0,0,0,0,1273
127,1,3,9,3,0,None,High,None,Status quo,0,0,0,0,0,0,0,4,1,1,Councillor,0,0,0,0,0,1273
127,1,4,10,1,0,Commercial,Low,None,Option A,0,0,1,0,1,0,0,4,1,1,Councillor,0,0,0,0,0,1274
127,1,4,10,2,1,Limited,Medium,Stables,Option B,1,0,0,1,0,1,0,4,1,1,Councillor,0,0,0,0,0,1274
127,1,4,10,3,0,None,High,None,Status quo,0,0,0,0,0,0,0,4,1,1,Councillor,0,0,0,0,0,1274
128,2,1,2,1,0,Commercial,Low,None,Option A,0,0,1,0,1,0,0,4,1,1,Councillor,0,0,1,0,0,1281
128,2,1,2,2,1,Residential,High,Stables & landscape,Option B,0,1,0,0,0,0,1,4,1,1,Councillor,0,1,0,0,0,1281
128,2,1,2,3,0,None,High,None,Status quo,0,0,0,0,0,0,0,4,1,1,Councillor,0,0,0,0,0,1281
128,2,2,4,1,1,Residential,High,Stables & landscape,Option A,0,1,0,0,0,0,1,4,1,1,Councillor,0,1,0,0,0,1282
128,2,2,4,2,0,Commercial,Medium,None,Option B,0,0,1,1,0,0,0,4,1,1,Councillor,0,0,1,0,0,1282
128,2,2,4,3,0,None,High,None,Status quo,0,0,0,0,0,0,0,4,1,1,Councillor,0,0,0,0,0,1282
128,2,3,9,1,1,Commercial,High,Stables & landscape,Option A,0,0,1,0,0,0,1,4,1,1,Councillor,0,0,1,0,0,1283
128,2,3,9,2,0,Limited,Medium,Stables,Option B,1,0,0,1,0,1,0,4,1,1,Councillor,1,0,0,0,0,1283
128,2,3,9,3,0,None,High,None,Status quo,0,0,0,0,0,0,0,4,1,1,Councillor,0,0,0,0,0,1283
128,2,4,11,1,0,Residential,Low,None,Option A,0,1,0,0,1,0,0,4,1,1,Councillor,0,1,0,0,0,1284
128,2,4,11,2,1,Commercial,High,Stables & landscape,Option B,0,0,1,0,0,0,1,4,1,1,Councillor,0,0,1,0,0,1284
128,2,4,11,3,0,None,High,None,Status quo,0,0,0,0,0,0,0,4,1,1,Councillor,0,0,0,0,0,1284
129,2,1,3,1,0,Residential,Low,Stables & landscape,Option A,0,1,0,0,1,0,1,4,1,1,Councillor,0,1,0,0,0,1291
129,2,1,3,2,0,Limited,Medium,Stables,Option B,1,0,0,1,0,1,0,4,1,1,Councillor,1,0,0,0,0,1291
129,2,1,3,3,1,None,High,None,Status quo,0,0,0,0,0,0,0,4,1,1,Councillor,0,0,0,0,0,1291
129,2,2,6,1,0,Residential,Low,None,Option A,0,1,0,0,1,0,0,4,1,1,Councillor,0,1,0,0,0,1292
129,2,2,6,2,1,Limited,High,Stables & landscape,Option B,1,0,0,0,0,0,1,4,1,1,Councillor,1,0,0,0,0,1292
129,2,2,6,3,0,None,High,None,Status quo,0,0,0,0,0,0,0,4,1,1,Councillor,0,0,0,0,0,1292
129,2,3,8,1,0,Limited,Medium,Stables,Option A,1,0,0,1,0,1,0,4,1,1,Councillor,1,0,0,0,0,1293
129,2,3,8,2,1,Commercial,High,Stables,Option B,0,0,1,0,0,1,0,4,1,1,Councillor,0,0,1,0,0,1293
129,2,3,8,3,0,None,High,None,Status quo,0,0,0,0,0,0,0,4,1,1,Councillor,0,0,0,0,0,1293
129,2,4,10,1,0,Commercial,Low,None,Option A,0,0,1,0,1,0,0,4,1,1,Councillor,0,0,1,0,0,1294
129,2,4,10,2,0,Limited,Medium,Stables,Option B,1,0,0,1,0,1,0,4,1,1,Councillor,1,0,0,0,0,1294
129,2,4,10,3,1,None,High,None,Status quo,0,0,0,0,0,0,0,4,1,1,Councillor,0,0,0,0,0,1294
130,3,1,2,1,0,Commercial,Low,None,Option A,0,0,1,0,1,0,0,4,1,1,Councillor,0,0,1,0,1,1301
130,3,1,2,2,1,Residential,High,Stables & landscape,Option B,0,1,0,0,0,0,1,4,1,1,Councillor,0,1,0,0,0,1301
130,3,1,2,3,0,None,High,None,Status quo,0,0,0,0,0,0,0,4,1,1,Councillor,0,0,0,0,0,1301
130,3,2,8,1,0,Limited,Medium,Stables,Option A,1,0,0,1,0,1,0,4,1,1,Councillor,1,0,0,1,0,1302
130,3,2,8,2,1,Commercial,High,Stables,Option B,0,0,1,0,0,1,0,4,1,1,Councillor,0,0,1,0,0,1302
130,3,2,8,3,0,None,High,None,Status quo,0,0,0,0,0,0,0,4,1,1,Councillor,0,0,0,0,0,1302
130,3,3,10,1,0,Commercial,Low,None,Option A,0,0,1,0,1,0,0,4,1,1,Councillor,0,0,1,0,1,1303
130,3,3,10,2,0,Limited,Medium,Stables,Option B,1,0,0,1,0,1,0,4,1,1,Councillor,1,0,0,1,0,1303
130,3,3,10,3,1,None,High,None,Status quo,0,0,0,0,0,0,0,4,1,1,Councillor,0,0,0,0,0,1303
130,3,4,11,1,0,Residential,Low,None,Option A,0,1,0,0,1,0,0,4,1,1,Councillor,0,1,0,0,1,1304
130,3,4,11,2,1,Commercial,High,Stables & landscape,Option B,0,0,1,0,0,0,1,4,1,1,Councillor,0,0,1,0,0,1304
130,3,4,11,3,0,None,High,None,Status quo,0,0,0,0,0,0,0,4,1,1,Councillor,0,0,0,0,0,1304
131,1,1,1,1,0,Residential,High,Stables & landscape,Option A,0,1,0,0,0,0,1,4,1,1,Councillor,0,0,0,0,0,1311
131,1,1,1,2,1,Limited,Low,None,Option B,1,0,0,0,1,0,0,4,1,1,Councillor,0,0,0,0,0,1311
131,1,1,1,3,0,None,High,None,Status quo,0,0,0,0,0,0,0,4,1,1,Councillor,0,0,0,0,0,1311
131,1,2,8,1,0,Limited,Medium,Stables,Option A,1,0,0,1,0,1,0,4,1,1,Councillor,0,0,0,0,0,1312
131,1,2,8,2,1,Commercial,High,Stables,Option B,0,0,1,0,0,1,0,4,1,1,Councillor,0,0,0,0,0,1312
131,1,2,8,3,0,None,High,None,Status quo,0,0,0,0,0,0,0,4,1,1,Councillor,0,0,0,0,0,1312
131,1,3,11,1,0,Residential,Low,None,Option A,0,1,0,0,1,0,0,4,1,1,Councillor,0,0,0,0,0,1313
131,1,3,11,2,1,Commercial,High,Stables & landscape,Option B,0,0,1,0,0,0,1,4,1,1,Councillor,0,0,0,0,0,1313
131,1,3,11,3,0,None,High,None,Status quo,0,0,0,0,0,0,0,4,1,1,Councillor,0,0,0,0,0,1313
131,1,4,12,1,1,Limited,Medium,Stables,Option A,1,0,0,1,0,1,0,4,1,1,Councillor,0,0,0,0,0,1314
131,1,4,12,2,0,Residential,Low,Stables,Option B,0,1,0,0,1,1,0,4,1,1,Councillor,0,0,0,0,0,1314
131,1,4,12,3,0,None,High,None,Status quo,0,0,0,0,0,0,0,4,1,1,Councillor,0,0,0,0,0,1314
133,3,1,3,1,0,Residential,Low,Stables & landscape,Option A,0,1,0,0,1,0,1,4,1,1,Councillor,0,1,0,0,1,1331
133,3,1,3,2,1,Limited,Medium,Stables,Option B,1,0,0,1,0,1,0,4,1,1,Councillor,1,0,0,1,0,1331
133,3,1,3,3,0,None,High,None,Status quo,0,0,0,0,0,0,0,4,1,1,Councillor,0,0,0,0,0,1331
133,3,2,4,1,1,Residential,High,Stables & landscape,Option A,0,1,0,0,0,0,1,4,1,1,Councillor,0,1,0,0,0,1332
133,3,2,4,2,0,Commercial,Medium,None,Option B,0,0,1,1,0,0,0,4,1,1,Councillor,0,0,1,1,0,1332
133,3,2,4,3,0,None,High,None,Status quo,0,0,0,0,0,0,0,4,1,1,Councillor,0,0,0,0,0,1332
133,3,3,5,1,1,Limited,Medium,Stables,Option A,1,0,0,1,0,1,0,4,1,1,Councillor,1,0,0,1,0,1333
133,3,3,5,2,0,Residential,Medium,Stables & landscape,Option B,0,1,0,1,0,0,1,4,1,1,Councillor,0,1,0,1,0,1333
133,3,3,5,3,0,None,High,None,Status quo,0,0,0,0,0,0,0,4,1,1,Councillor,0,0,0,0,0,1333
133,3,4,12,1,1,Limited,Medium,Stables,Option A,1,0,0,1,0,1,0,4,1,1,Councillor,1,0,0,1,0,1334
133,3,4,12,2,0,Residential,Low,Stables,Option B,0,1,0,0,1,1,0,4,1,1,Councillor,0,1,0,0,1,1334
133,3,4,12,3,0,None,High,None,Status quo,0,0,0,0,0,0,0,4,1,1,Councillor,0,0,0,0,0,1334
134,2,1,1,1,0,Residential,High,Stables & landscape,Option A,0,1,0,0,0,0,1,4,1,1,Councillor,0,1,0,0,0,1341
134,2,1,1,2,1,Limited,Low,None,Option B,1,0,0,0,1,0,0,4,1,1,Councillor,1,0,0,0,0,1341
134,2,1,1,3,0,None,High,None,Status quo,0,0,0,0,0,0,0,4,1,1,Councillor,0,0,0,0,0,1341
134,2,2,4,1,1,Residential,High,Stables & landscape,Option A,0,1,0,0,0,0,1,4,1,1,Councillor,0,1,0,0,0,1342
134,2,2,4,2,0,Commercial,Medium,None,Option B,0,0,1,1,0,0,0,4,1,1,Councillor,0,0,1,0,0,1342
134,2,2,4,3,0,None,High,None,Status quo,0,0,0,0,0,0,0,4,1,1,Councillor,0,0,0,0,0,1342
134,2,3,9,1,0,Commercial,High,Stables & landscape,Option A,0,0,1,0,0,0,1,4,1,1,Councillor,0,0,1,0,0,1343
134,2,3,9,2,1,Limited,Medium,Stables,Option B,1,0,0,1,0,1,0,4,1,1,Councillor,1,0,0,0,0,1343
134,2,3,9,3,0,None,High,None,Status quo,0,0,0,0,0,0,0,4,1,1,Councillor,0,0,0,0,0,1343
134,2,4,11,1,1,Residential,Low,None,Option A,0,1,0,0,1,0,0,4,1,1,Councillor,0,1,0,0,0,1344
134,2,4,11,2,0,Commercial,High,Stables & landscape,Option B,0,0,1,0,0,0,1,4,1,1,Councillor,0,0,1,0,0,1344
134,2,4,11,3,0,None,High,None,Status quo,0,0,0,0,0,0,0,4,1,1,Councillor,0,0,0,0,0,1344
135,1,1,2,1,0,Commercial,Low,None,Option A,0,0,1,0,1,0,0,4,1,0,Not answered,0,0,0,0,0,1351
135,1,1,2,2,0,Residential,High,Stables & landscape,Option B,0,1,0,0,0,0,1,4,1,0,Not answered,0,0,0,0,0,1351
135,1,1,2,3,1,None,High,None,Status quo,0,0,0,0,0,0,0,4,1,0,Not answered,0,0,0,0,0,1351
135,1,2,7,1,0,Commercial,High,Stables & landscape,Option A,0,0,1,0,0,0,1,4,1,0,Not answered,0,0,0,0,0,1352
135,1,2,7,2,0,Residential,Medium,Stables & landscape,Option B,0,1,0,1,0,0,1,4,1,0,Not answered,0,0,0,0,0,1352
135,1,2,7,3,1,None,High,None,Status quo,0,0,0,0,0,0,0,4,1,0,Not answered,0,0,0,0,0,1352
135,1,3,9,1,1,Commercial,High,Stables & landscape,Option A,0,0,1,0,0,0,1,4,1,0,Not answered,0,0,0,0,0,1353
135,1,3,9,2,0,Limited,Medium,Stables,Option B,1,0,0,1,0,1,0,4,1,0,Not answered,0,0,0,0,0,1353
135,1,3,9,3,0,None,High,None,Status quo,0,0,0,0,0,0,0,4,1,0,Not answered,0,0,0,0,0,1353
135,1,4,10,1,0,Commercial,Low,None,Option A,0,0,1,0,1,0,0,4,1,0,Not answered,0,0,0,0,0,1354
135,1,4,10,2,0,Limited,Medium,Stables,Option B,1,0,0,1,0,1,0,4,1,0,Not answered,0,0,0,0,0,1354
135,1,4,10,3,1,None,High,None,Status quo,0,0,0,0,0,0,0,4,1,0,Not answered,0,0,0,0,0,1354
136,2,1,3,1,0,Residential,Low,Stables & landscape,Option A,0,1,0,0,1,0,1,4,1,1,Councillor,0,1,0,0,0,1361
136,2,1,3,2,1,Limited,Medium,Stables,Option B,1,0,0,1,0,1,0,4,1,1,Councillor,1,0,0,0,0,1361
136,2,1,3,3,0,None,High,None,Status quo,0,0,0,0,0,0,0,4,1,1,Councillor,0,0,0,0,0,1361
136,2,2,6,1,0,Residential,Low,None,Option A,0,1,0,0,1,0,0,4,1,1,Councillor,0,1,0,0,0,1362
136,2,2,6,2,1,Limited,High,Stables & landscape,Option B,1,0,0,0,0,0,1,4,1,1,Councillor,1,0,0,0,0,1362
136,2,2,6,3,0,None,High,None,Status quo,0,0,0,0,0,0,0,4,1,1,Councillor,0,0,0,0,0,1362
136,2,3,7,1,1,Commercial,High,Stables & landscape,Option A,0,0,1,0,0,0,1,4,1,1,Councillor,0,0,1,0,0,1363
136,2,3,7,2,0,Residential,Medium,Stables & landscape,Option B,0,1,0,1,0,0,1,4,1,1,Councillor,0,1,0,0,0,1363
136,2,3,7,3,0,None,High,None,Status quo,0,0,0,0,0,0,0,4,1,1,Councillor,0,0,0,0,0,1363
136,2,4,12,1,0,Limited,Medium,Stables,Option A,1,0,0,1,0,1,0,4,1,1,Councillor,1,0,0,0,0,1364
136,2,4,12,2,1,Residential,Low,Stables,Option B,0,1,0,0,1,1,0,4,1,1,Councillor,0,1,0,0,0,1364
136,2,4,12,3,0,None,High,None,Status quo,0,0,0,0,0,0,0,4,1,1,Councillor,0,0,0,0,0,1364
137,3,1,3,1,0,Residential,Low,Stables & landscape,Option A,0,1,0,0,1,0,1,4,1,1,Councillor,0,1,0,0,1,1371
137,3,1,3,2,0,Limited,Medium,Stables,Option B,1,0,0,1,0,1,0,4,1,1,Councillor,1,0,0,1,0,1371
137,3,1,3,3,1,None,High,None,Status quo,0,0,0,0,0,0,0,4,1,1,Councillor,0,0,0,0,0,1371
137,3,2,5,1,0,Limited,Medium,Stables,Option A,1,0,0,1,0,1,0,4,1,1,Councillor,1,0,0,1,0,1372
137,3,2,5,2,0,Residential,Medium,Stables & landscape,Option B,0,1,0,1,0,0,1,4,1,1,Councillor,0,1,0,1,0,1372
137,3,2,5,3,1,None,High,None,Status quo,0,0,0,0,0,0,0,4,1,1,Councillor,0,0,0,0,0,1372
137,3,3,8,1,0,Limited,Medium,Stables,Option A,1,0,0,1,0,1,0,4,1,1,Councillor,1,0,0,1,0,1373
137,3,3,8,2,0,Commercial,High,Stables,Option B,0,0,1,0,0,1,0,4,1,1,Councillor,0,0,1,0,0,1373
137,3,3,8,3,1,None,High,None,Status quo,0,0,0,0,0,0,0,4,1,1,Councillor,0,0,0,0,0,1373
137,3,4,10,1,0,Commercial,Low,None,Option A,0,0,1,0,1,0,0,4,1,1,Councillor,0,0,1,0,1,1374
137,3,4,10,2,0,Limited,Medium,Stables,Option B,1,0,0,1,0,1,0,4,1,1,Councillor,1,0,0,1,0,1374
137,3,4,10,3,1,None,High,None,Status quo,0,0,0,0,0,0,0,4,1,1,Councillor,0,0,0,0,0,1374
138,1,1,3,1,1,Residential,Low,Stables & landscape,Option A,0,1,0,0,1,0,1,4,1,1,Councillor,0,0,0,0,0,1381
138,1,1,3,2,0,Limited,Medium,Stables,Option B,1,0,0,1,0,1,0,4,1,1,Councillor,0,0,0,0,0,1381
138,1,1,3,3,0,None,High,None,Status quo,0,0,0,0,0,0,0,4,1,1,Councillor,0,0,0,0,0,1381
138,1,2,6,1,1,Residential,Low,None,Option A,0,1,0,0,1,0,0,4,1,1,Councillor,0,0,0,0,0,1382
138,1,2,6,2,0,Limited,High,Stables & landscape,Option B,1,0,0,0,0,0,1,4,1,1,Councillor,0,0,0,0,0,1382
138,1,2,6,3,0,None,High,None,Status quo,0,0,0,0,0,0,0,4,1,1,Councillor,0,0,0,0,0,1382
138,1,3,10,1,1,Commercial,Low,None,Option A,0,0,1,0,1,0,0,4,1,1,Councillor,0,0,0,0,0,1383
138,1,3,10,2,0,Limited,Medium,Stables,Option B,1,0,0,1,0,1,0,4,1,1,Councillor,0,0,0,0,0,1383
138,1,3,10,3,0,None,High,None,Status quo,0,0,0,0,0,0,0,4,1,1,Councillor,0,0,0,0,0,1383
138,1,4,12,1,1,Limited,Medium,Stables,Option A,1,0,0,1,0,1,0,4,1,1,Councillor,0,0,0,0,0,1384
138,1,4,12,2,0,Residential,Low,Stables,Option B,0,1,0,0,1,1,0,4,1,1,Councillor,0,0,0,0,0,1384
138,1,4,12,3,0,None,High,None,Status quo,0,0,0,0,0,0,0,4,1,1,Councillor,0,0,0,0,0,1384
139,1,1,1,1,1,Residential,High,Stables & landscape,Option A,0,1,0,0,0,0,1,4,1,1,Councillor,0,0,0,0,0,1391
139,1,1,1,2,0,Limited,Low,None,Option B,1,0,0,0,1,0,0,4,1,1,Councillor,0,0,0,0,0,1391
139,1,1,1,3,0,None,High,None,Status quo,0,0,0,0,0,0,0,4,1,1,Councillor,0,0,0,0,0,1391
139,1,2,2,1,0,Commercial,Low,None,Option A,0,0,1,0,1,0,0,4,1,1,Councillor,0,0,0,0,0,1392
139,1,2,2,2,1,Residential,High,Stables & landscape,Option B,0,1,0,0,0,0,1,4,1,1,Councillor,0,0,0,0,0,1392
139,1,2,2,3,0,None,High,None,Status quo,0,0,0,0,0,0,0,4,1,1,Councillor,0,0,0,0,0,1392
139,1,3,7,1,1,Commercial,High,Stables & landscape,Option A,0,0,1,0,0,0,1,4,1,1,Councillor,0,0,0,0,0,1393
139,1,3,7,2,0,Residential,Medium,Stables & landscape,Option B,0,1,0,1,0,0,1,4,1,1,Councillor,0,0,0,0,0,1393
139,1,3,7,3,0,None,High,None,Status quo,0,0,0,0,0,0,0,4,1,1,Councillor,0,0,0,0,0,1393
139,1,4,11,1,0,Residential,Low,None,Option A,0,1,0,0,1,0,0,4,1,1,Councillor,0,0,0,0,0,1394
139,1,4,11,2,1,Commercial,High,Stables & landscape,Option B,0,0,1,0,0,0,1,4,1,1,Councillor,0,0,0,0,0,1394
139,1,4,11,3,0,None,High,None,Status quo,0,0,0,0,0,0,0,4,1,1,Councillor,0,0,0,0,0,1394
140,2,1,2,1,0,Commercial,Low,None,Option A,0,0,1,0,1,0,0,4,1,1,Councillor,0,0,1,0,0,1401
140,2,1,2,2,1,Residential,High,Stables & landscape,Option B,0,1,0,0,0,0,1,4,1,1,Councillor,0,1,0,0,0,1401
140,2,1,2,3,0,None,High,None,Status quo,0,0,0,0,0,0,0,4,1,1,Councillor,0,0,0,0,0,1401
140,2,2,5,1,0,Limited,Medium,Stables,Option A,1,0,0,1,0,1,0,4,1,1,Councillor,1,0,0,0,0,1402
140,2,2,5,2,0,Residential,Medium,Stables & landscape,Option B,0,1,0,1,0,0,1,4,1,1,Councillor,0,1,0,0,0,1402
140,2,2,5,3,1,None,High,None,Status quo,0,0,0,0,0,0,0,4,1,1,Councillor,0,0,0,0,0,1402
140,2,3,6,1,0,Residential,Low,None,Option A,0,1,0,0,1,0,0,4,1,1,Councillor,0,1,0,0,0,1403
140,2,3,6,2,1,Limited,High,Stables & landscape,Option B,1,0,0,0,0,0,1,4,1,1,Councillor,1,0,0,0,0,1403
140,2,3,6,3,0,None,High,None,Status quo,0,0,0,0,0,0,0,4,1,1,Councillor,0,0,0,0,0,1403
140,2,4,9,1,1,Commercial,High,Stables & landscape,Option A,0,0,1,0,0,0,1,4,1,1,Councillor,0,0,1,0,0,1404
140,2,4,9,2,0,Limited,Medium,Stables,Option B,1,0,0,1,0,1,0,4,1,1,Councillor,1,0,0,0,0,1404
140,2,4,9,3,0,None,High,None,Status quo,0,0,0,0,0,0,0,4,1,1,Councillor,0,0,0,0,0,1404
141,3,1,1,1,1,Residential,High,Stables & landscape,Option A,0,1,0,0,0,0,1,4,1,1,Councillor,0,1,0,0,0,1411
141,3,1,1,2,0,Limited,Low,None,Option B,1,0,0,0,1,0,0,4,1,1,Councillor,1,0,0,0,1,1411
141,3,1,1,3,0,None,High,None,Status quo,0,0,0,0,0,0,0,4,1,1,Councillor,0,0,0,0,0,1411
141,3,2,2,1,0,Commercial,Low,None,Option A,0,0,1,0,1,0,0,4,1,1,Councillor,0,0,1,0,1,1412
141,3,2,2,2,1,Residential,High,Stables & landscape,Option B,0,1,0,0,0,0,1,4,1,1,Councillor,0,1,0,0,0,1412
141,3,2,2,3,0,None,High,None,Status quo,0,0,0,0,0,0,0,4,1,1,Councillor,0,0,0,0,0,1412
141,3,3,6,1,0,Residential,Low,None,Option A,0,1,0,0,1,0,0,4,1,1,Councillor,0,1,0,0,1,1413
141,3,3,6,2,1,Limited,High,Stables & landscape,Option B,1,0,0,0,0,0,1,4,1,1,Councillor,1,0,0,0,0,1413
141,3,3,6,3,0,None,High,None,Status quo,0,0,0,0,0,0,0,4,1,1,Councillor,0,0,0,0,0,1413
141,3,4,11,1,0,Residential,Low,None,Option A,0,1,0,0,1,0,0,4,1,1,Councillor,0,1,0,0,1,1414
141,3,4,11,2,1,Commercial,High,Stables & landscape,Option B,0,0,1,0,0,0,1,4,1,1,Councillor,0,0,1,0,0,1414
141,3,4,11,3,0,None,High,None,Status quo,0,0,0,0,0,0,0,4,1,1,Councillor,0,0,0,0,0,1414
142,1,1,4,1,0,Residential,High,Stables & landscape,Option A,0,1,0,0,0,0,1,4,1,1,Councillor,0,0,0,0,0,1421
142,1,1,4,2,1,Commercial,Medium,None,Option B,0,0,1,1,0,0,0,4,1,1,Councillor,0,0,0,0,0,1421
142,1,1,4,3,0,None,High,None,Status quo,0,0,0,0,0,0,0,4,1,1,Councillor,0,0,0,0,0,1421
142,1,2,5,1,0,Limited,Medium,Stables,Option A,1,0,0,1,0,1,0,4,1,1,Councillor,0,0,0,0,0,1422
142,1,2,5,2,1,Residential,Medium,Stables & landscape,Option B,0,1,0,1,0,0,1,4,1,1,Councillor,0,0,0,0,0,1422
142,1,2,5,3,0,None,High,None,Status quo,0,0,0,0,0,0,0,4,1,1,Councillor,0,0,0,0,0,1422
142,1,3,8,1,0,Limited,Medium,Stables,Option A,1,0,0,1,0,1,0,4,1,1,Councillor,0,0,0,0,0,1423
142,1,3,8,2,1,Commercial,High,Stables,Option B,0,0,1,0,0,1,0,4,1,1,Councillor,0,0,0,0,0,1423
142,1,3,8,3,0,None,High,None,Status quo,0,0,0,0,0,0,0,4,1,1,Councillor,0,0,0,0,0,1423
142,1,4,9,1,1,Commercial,High,Stables & landscape,Option A,0,0,1,0,0,0,1,4,1,1,Councillor,0,0,0,0,0,1424
142,1,4,9,2,0,Limited,Medium,Stables,Option B,1,0,0,1,0,1,0,4,1,1,Councillor,0,0,0,0,0,1424
142,1,4,9,3,0,None,High,None,Status quo,0,0,0,0,0,0,0,4,1,1,Councillor,0,0,0,0,0,1424
143,2,1,1,1,1,Residential,High,Stables & landscape,Option A,0,1,0,0,0,0,1,4,1,1,Councillor,0,1,0,0,0,1431
143,2,1,1,2,0,Limited,Low,None,Option B,1,0,0,0,1,0,0,4,1,1,Councillor,1,0,0,0,0,1431
143,2,1,1,3,0,None,High,None,Status quo,0,0,0,0,0,0,0,4,1,1,Councillor,0,0,0,0,0,1431
143,2,2,4,1,1,Residential,High,Stables & landscape,Option A,0,1,0,0,0,0,1,4,1,1,Councillor,0,1,0,0,0,1432
143,2,2,4,2,0,Commercial,Medium,None,Option B,0,0,1,1,0,0,0,4,1,1,Councillor,0,0,1,0,0,1432
143,2,2,4,3,0,None,High,None,Status quo,0,0,0,0,0,0,0,4,1,1,Councillor,0,0,0,0,0,1432
143,2,3,7,1,1,Commercial,High,Stables & landscape,Option A,0,0,1,0,0,0,1,4,1,1,Councillor,0,0,1,0,0,1433
143,2,3,7,2,0,Residential,Medium,Stables & landscape,Option B,0,1,0,1,0,0,1,4,1,1,Councillor,0,1,0,0,0,1433
143,2,3,7,3,0,None,High,None,Status quo,0,0,0,0,0,0,0,4,1,1,Councillor,0,0,0,0,0,1433
143,2,4,12,1,0,Limited,Medium,Stables,Option A,1,0,0,1,0,1,0,4,1,1,Councillor,1,0,0,0,0,1434
143,2,4,12,2,0,Residential,Low,Stables,Option B,0,1,0,0,1,1,0,4,1,1,Councillor,0,1,0,0,0,1434
143,2,4,12,3,1,None,High,None,Status quo,0,0,0,0,0,0,0,4,1,1,Councillor,0,0,0,0,0,1434
144,3,1,4,1,1,Residential,High,Stables & landscape,Option A,0,1,0,0,0,0,1,4,1,0,Not answered,0,1,0,0,0,1441
144,3,1,4,2,0,Commercial,Medium,None,Option B,0,0,1,1,0,0,0,4,1,0,Not answered,0,0,1,1,0,1441
144,3,1,4,3,0,None,High,None,Status quo,0,0,0,0,0,0,0,4,1,0,Not answered,0,0,0,0,0,1441
144,3,2,7,1,0,Commercial,High,Stables & landscape,Option A,0,0,1,0,0,0,1,4,1,0,Not answered,0,0,1,0,0,1442
144,3,2,7,2,1,Residential,Medium,Stables & landscape,Option B,0,1,0,1,0,0,1,4,1,0,Not answered,0,1,0,1,0,1442
144,3,2,7,3,0,None,High,None,Status quo,0,0,0,0,0,0,0,4,1,0,Not answered,0,0,0,0,0,1442
144,3,3,9,1,1,Commercial,High,Stables & landscape,Option A,0,0,1,0,0,0,1,4,1,0,Not answered,0,0,1,0,0,1443
144,3,3,9,2,0,Limited,Medium,Stables,Option B,1,0,0,1,0,1,0,4,1,0,Not answered,1,0,0,1,0,1443
144,3,3,9,3,0,None,High,None,Status quo,0,0,0,0,0,0,0,4,1,0,Not answered,0,0,0,0,0,1443
144,3,4,12,1,0,Limited,Medium,Stables,Option A,1,0,0,1,0,1,0,4,1,0,Not answered,1,0,0,1,0,1444
144,3,4,12,2,0,Residential,Low,Stables,Option B,0,1,0,0,1,1,0,4,1,0,Not answered,0,1,0,0,1,1444
144,3,4,12,3,1,None,High,None,Status quo,0,0,0,0,0,0,0,4,1,0,Not answered,0,0,0,0,0,1444
145,1,1,6,1,0,Residential,Low,None,Option A,0,1,0,0,1,0,0,4,1,1,Councillor,0,0,0,0,0,1451
145,1,1,6,2,1,Limited,High,Stables & landscape,Option B,1,0,0,0,0,0,1,4,1,1,Councillor,0,0,0,0,0,1451
145,1,1,6,3,0,None,High,None,Status quo,0,0,0,0,0,0,0,4,1,1,Councillor,0,0,0,0,0,1451
145,1,2,7,1,1,Commercial,High,Stables & landscape,Option A,0,0,1,0,0,0,1,4,1,1,Councillor,0,0,0,0,0,1452
145,1,2,7,2,0,Residential,Medium,Stables & landscape,Option B,0,1,0,1,0,0,1,4,1,1,Councillor,0,0,0,0,0,1452
145,1,2,7,3,0,None,High,None,Status quo,0,0,0,0,0,0,0,4,1,1,Councillor,0,0,0,0,0,1452
145,1,3,8,1,0,Limited,Medium,Stables,Option A,1,0,0,1,0,1,0,4,1,1,Councillor,0,0,0,0,0,1453
145,1,3,8,2,1,Commercial,High,Stables,Option B,0,0,1,0,0,1,0,4,1,1,Councillor,0,0,0,0,0,1453
145,1,3,8,3,0,None,High,None,Status quo,0,0,0,0,0,0,0,4,1,1,Councillor,0,0,0,0,0,1453
145,1,4,9,1,1,Commercial,High,Stables & landscape,Option A,0,0,1,0,0,0,1,4,1,1,Councillor,0,0,0,0,0,1454
145,1,4,9,2,0,Limited,Medium,Stables,Option B,1,0,0,1,0,1,0,4,1,1,Councillor,0,0,0,0,0,1454
145,1,4,9,3,0,None,High,None,Status quo,0,0,0,0,0,0,0,4,1,1,Councillor,0,0,0,0,0,1454
146,3,1,1,1,1,Residential,High,Stables & landscape,Option A,0,1,0,0,0,0,1,4,1,1,Councillor,0,1,0,0,0,1461
146,3,1,1,2,0,Limited,Low,None,Option B,1,0,0,0,1,0,0,4,1,1,Councillor,1,0,0,0,1,1461
146,3,1,1,3,0,None,High,None,Status quo,0,0,0,0,0,0,0,4,1,1,Councillor,0,0,0,0,0,1461
146,3,2,2,1,0,Commercial,Low,None,Option A,0,0,1,0,1,0,0,4,1,1,Councillor,0,0,1,0,1,1462
146,3,2,2,2,1,Residential,High,Stables & landscape,Option B,0,1,0,0,0,0,1,4,1,1,Councillor,0,1,0,0,0,1462
146,3,2,2,3,0,None,High,None,Status quo,0,0,0,0,0,0,0,4,1,1,Councillor,0,0,0,0,0,1462
146,3,3,9,1,1,Commercial,High,Stables & landscape,Option A,0,0,1,0,0,0,1,4,1,1,Councillor,0,0,1,0,0,1463
146,3,3,9,2,0,Limited,Medium,Stables,Option B,1,0,0,1,0,1,0,4,1,1,Councillor,1,0,0,1,0,1463
146,3,3,9,3,0,None,High,None,Status quo,0,0,0,0,0,0,0,4,1,1,Councillor,0,0,0,0,0,1463
146,3,4,11,1,0,Residential,Low,None,Option A,0,1,0,0,1,0,0,4,1,1,Councillor,0,1,0,0,1,1464
146,3,4,11,2,1,Commercial,High,Stables & landscape,Option B,0,0,1,0,0,0,1,4,1,1,Councillor,0,0,1,0,0,1464
146,3,4,11,3,0,None,High,None,Status quo,0,0,0,0,0,0,0,4,1,1,Councillor,0,0,0,0,0,1464
147,1,1,5,1,0,Limited,Medium,Stables,Option A,1,0,0,1,0,1,0,4,1,1,Councillor,0,0,0,0,0,1471
147,1,1,5,2,0,Residential,Medium,Stables & landscape,Option B,0,1,0,1,0,0,1,4,1,1,Councillor,0,0,0,0,0,1471
147,1,1,5,3,1,None,High,None,Status quo,0,0,0,0,0,0,0,4,1,1,Councillor,0,0,0,0,0,1471
147,1,2,10,1,0,Commercial,Low,None,Option A,0,0,1,0,1,0,0,4,1,1,Councillor,0,0,0,0,0,1472
147,1,2,10,2,0,Limited,Medium,Stables,Option B,1,0,0,1,0,1,0,4,1,1,Councillor,0,0,0,0,0,1472
147,1,2,10,3,1,None,High,None,Status quo,0,0,0,0,0,0,0,4,1,1,Councillor,0,0,0,0,0,1472
147,1,3,11,1,0,Residential,Low,None,Option A,0,1,0,0,1,0,0,4,1,1,Councillor,0,0,0,0,0,1473
147,1,3,11,2,0,Commercial,High,Stables & landscape,Option B,0,0,1,0,0,0,1,4,1,1,Councillor,0,0,0,0,0,1473
147,1,3,11,3,1,None,High,None,Status quo,0,0,0,0,0,0,0,4,1,1,Councillor,0,0,0,0,0,1473
147,1,4,12,1,0,Limited,Medium,Stables,Option A,1,0,0,1,0,1,0,4,1,1,Councillor,0,0,0,0,0,1474
147,1,4,12,2,0,Residential,Low,Stables,Option B,0,1,0,0,1,1,0,4,1,1,Councillor,0,0,0,0,0,1474
147,1,4,12,3,1,None,High,None,Status quo,0,0,0,0,0,0,0,4,1,1,Councillor,0,0,0,0,0,1474
148,2,1,3,1,0,Residential,Low,Stables & landscape,Option A,0,1,0,0,1,0,1,4,1,1,Councillor,0,1,0,0,0,1481
148,2,1,3,2,0,Limited,Medium,Stables,Option B,1,0,0,1,0,1,0,4,1,1,Councillor,1,0,0,0,0,1481
148,2,1,3,3,1,None,High,None,Status quo,0,0,0,0,0,0,0,4,1,1,Councillor,0,0,0,0,0,1481
148,2,2,4,1,0,Residential,High,Stables & landscape,Option A,0,1,0,0,0,0,1,4,1,1,Councillor,0,1,0,0,0,1482
148,2,2,4,2,0,Commercial,Medium,None,Option B,0,0,1,1,0,0,0,4,1,1,Councillor,0,0,1,0,0,1482
148,2,2,4,3,1,None,High,None,Status quo,0,0,0,0,0,0,0,4,1,1,Councillor,0,0,0,0,0,1482
148,2,3,8,1,0,Limited,Medium,Stables,Option A,1,0,0,1,0,1,0,4,1,1,Councillor,1,0,0,0,0,1483
148,2,3,8,2,1,Commercial,High,Stables,Option B,0,0,1,0,0,1,0,4,1,1,Councillor,0,0,1,0,0,1483
148,2,3,8,3,0,None,High,None,Status quo,0,0,0,0,0,0,0,4,1,1,Councillor,0,0,0,0,0,1483
148,2,4,10,1,0,Commercial,Low,None,Option A,0,0,1,0,1,0,0,4,1,1,Councillor,0,0,1,0,0,1484
148,2,4,10,2,0,Limited,Medium,Stables,Option B,1,0,0,1,0,1,0,4,1,1,Councillor,1,0,0,0,0,1484
148,2,4,10,3,1,None,High,None,Status quo,0,0,0,0,0,0,0,4,1,1,Councillor,0,0,0,0,0,1484
149,3,1,6,1,0,Residential,Low,None,Option A,0,1,0,0,1,0,0,4,1,1,Councillor,0,1,0,0,1,1491
149,3,1,6,2,0,Limited,High,Stables & landscape,Option B,1,0,0,0,0,0,1,4,1,1,Councillor,1,0,0,0,0,1491
149,3,1,6,3,1,None,High,None,Status quo,0,0,0,0,0,0,0,4,1,1,Councillor,0,0,0,0,0,1491
149,3,2,7,1,0,Commercial,High,Stables & landscape,Option A,0,0,1,0,0,0,1,4,1,1,Councillor,0,0,1,0,0,1492
149,3,2,7,2,0,Residential,Medium,Stables & landscape,Option B,0,1,0,1,0,0,1,4,1,1,Councillor,0,1,0,1,0,1492
149,3,2,7,3,1,None,High,None,Status quo,0,0,0,0,0,0,0,4,1,1,Councillor,0,0,0,0,0,1492
149,3,3,8,1,0,Limited,Medium,Stables,Option A,1,0,0,1,0,1,0,4,1,1,Councillor,1,0,0,1,0,1493
149,3,3,8,2,1,Commercial,High,Stables,Option B,0,0,1,0,0,1,0,4,1,1,Councillor,0,0,1,0,0,1493
149,3,3,8,3,0,None,High,None,Status quo,0,0,0,0,0,0,0,4,1,1,Councillor,0,0,0,0,0,1493
149,3,4,10,1,0,Commercial,Low,None,Option A,0,0,1,0,1,0,0,4,1,1,Councillor,0,0,1,0,1,1494
149,3,4,10,2,0,Limited,Medium,Stables,Option B,1,0,0,1,0,1,0,4,1,1,Councillor,1,0,0,1,0,1494
149,3,4,10,3,1,None,High,None,Status quo,0,0,0,0,0,0,0,4,1,1,Councillor,0,0,0,0,0,1494
150,3,1,3,1,0,Residential,Low,Stables & landscape,Option A,0,1,0,0,1,0,1,4,1,1,Councillor,0,1,0,0,1,1501
150,3,1,3,2,0,Limited,Medium,Stables,Option B,1,0,0,1,0,1,0,4,1,1,Councillor,1,0,0,1,0,1501
150,3,1,3,3,1,None,High,None,Status quo,0,0,0,0,0,0,0,4,1,1,Councillor,0,0,0,0,0,1501
150,3,2,4,1,1,Residential,High,Stables & landscape,Option A,0,1,0,0,0,0,1,4,1,1,Councillor,0,1,0,0,0,1502
150,3,2,4,2,0,Commercial,Medium,None,Option B,0,0,1,1,0,0,0,4,1,1,Councillor,0,0,1,1,0,1502
150,3,2,4,3,0,None,High,None,Status quo,0,0,0,0,0,0,0,4,1,1,Councillor,0,0,0,0,0,1502
150,3,3,5,1,0,Limited,Medium,Stables,Option A,1,0,0,1,0,1,0,4,1,1,Councillor,1,0,0,1,0,1503
150,3,3,5,2,0,Residential,Medium,Stables & landscape,Option B,0,1,0,1,0,0,1,4,1,1,Councillor,0,1,0,1,0,1503
150,3,3,5,3,1,None,High,None,Status quo,0,0,0,0,0,0,0,4,1,1,Councillor,0,0,0,0,0,1503
150,3,4,12,1,0,Limited,Medium,Stables,Option A,1,0,0,1,0,1,0,4,1,1,Councillor,1,0,0,1,0,1504
150,3,4,12,2,0,Residential,Low,Stables,Option B,0,1,0,0,1,1,0,4,1,1,Councillor,0,1,0,0,1,1504
150,3,4,12,3,1,None,High,None,Status quo,0,0,0,0,0,0,0,4,1,1,Councillor,0,0,0,0,0,1504
151,2,1,1,1,1,Residential,High,Stables & landscape,Option A,0,1,0,0,0,0,1,4,1,1,Councillor,0,1,0,0,0,1511
151,2,1,1,2,0,Limited,Low,None,Option B,1,0,0,0,1,0,0,4,1,1,Councillor,1,0,0,0,0,1511
151,2,1,1,3,0,None,High,None,Status quo,0,0,0,0,0,0,0,4,1,1,Councillor,0,0,0,0,0,1511
151,2,2,5,1,0,Limited,Medium,Stables,Option A,1,0,0,1,0,1,0,4,1,1,Councillor,1,0,0,0,0,1512
151,2,2,5,2,0,Residential,Medium,Stables & landscape,Option B,0,1,0,1,0,0,1,4,1,1,Councillor,0,1,0,0,0,1512
151,2,2,5,3,1,None,High,None,Status quo,0,0,0,0,0,0,0,4,1,1,Councillor,0,0,0,0,0,1512
151,2,3,8,1,0,Limited,Medium,Stables,Option A,1,0,0,1,0,1,0,4,1,1,Councillor,1,0,0,0,0,1513
151,2,3,8,2,1,Commercial,High,Stables,Option B,0,0,1,0,0,1,0,4,1,1,Councillor,0,0,1,0,0,1513
151,2,3,8,3,0,None,High,None,Status quo,0,0,0,0,0,0,0,4,1,1,Councillor,0,0,0,0,0,1513
151,2,4,12,1,0,Limited,Medium,Stables,Option A,1,0,0,1,0,1,0,4,1,1,Councillor,1,0,0,0,0,1514
151,2,4,12,2,0,Residential,Low,Stables,Option B,0,1,0,0,1,1,0,4,1,1,Councillor,0,1,0,0,0,1514
151,2,4,12,3,1,None,High,None,Status quo,0,0,0,0,0,0,0,4,1,1,Councillor,0,0,0,0,0,1514
152,1,1,1,1,1,Residential,High,Stables & landscape,Option A,0,1,0,0,0,0,1,4,1,0,Compliance staff,0,0,0,0,0,1521
152,1,1,1,2,0,Limited,Low,None,Option B,1,0,0,0,1,0,0,4,1,0,Compliance staff,0,0,0,0,0,1521
152,1,1,1,3,0,None,High,None,Status quo,0,0,0,0,0,0,0,4,1,0,Compliance staff,0,0,0,0,0,1521
152,1,2,2,1,0,Commercial,Low,None,Option A,0,0,1,0,1,0,0,4,1,0,Compliance staff,0,0,0,0,0,1522
152,1,2,2,2,1,Residential,High,Stables & landscape,Option B,0,1,0,0,0,0,1,4,1,0,Compliance staff,0,0,0,0,0,1522
152,1,2,2,3,0,None,High,None,Status quo,0,0,0,0,0,0,0,4,1,0,Compliance staff,0,0,0,0,0,1522
152,1,3,3,1,0,Residential,Low,Stables & landscape,Option A,0,1,0,0,1,0,1,4,1,0,Compliance staff,0,0,0,0,0,1523
152,1,3,3,2,0,Limited,Medium,Stables,Option B,1,0,0,1,0,1,0,4,1,0,Compliance staff,0,0,0,0,0,1523
152,1,3,3,3,1,None,High,None,Status quo,0,0,0,0,0,0,0,4,1,0,Compliance staff,0,0,0,0,0,1523
152,1,4,4,1,1,Residential,High,Stables & landscape,Option A,0,1,0,0,0,0,1,4,1,0,Compliance staff,0,0,0,0,0,1524
152,1,4,4,2,0,Commercial,Medium,None,Option B,0,0,1,1,0,0,0,4,1,0,Compliance staff,0,0,0,0,0,1524
152,1,4,4,3,0,None,High,None,Status quo,0,0,0,0,0,0,0,4,1,0,Compliance staff,0,0,0,0,0,1524
153,1,1,4,1,1,Residential,High,Stables & landscape,Option A,0,1,0,0,0,0,1,4,1,1,Councillor,0,0,0,0,0,1531
153,1,1,4,2,0,Commercial,Medium,None,Option B,0,0,1,1,0,0,0,4,1,1,Councillor,0,0,0,0,0,1531
153,1,1,4,3,0,None,High,None,Status quo,0,0,0,0,0,0,0,4,1,1,Councillor,0,0,0,0,0,1531
153,1,2,5,1,0,Limited,Medium,Stables,Option A,1,0,0,1,0,1,0,4,1,1,Councillor,0,0,0,0,0,1532
153,1,2,5,2,1,Residential,Medium,Stables & landscape,Option B,0,1,0,1,0,0,1,4,1,1,Councillor,0,0,0,0,0,1532
153,1,2,5,3,0,None,High,None,Status quo,0,0,0,0,0,0,0,4,1,1,Councillor,0,0,0,0,0,1532
153,1,3,8,1,0,Limited,Medium,Stables,Option A,1,0,0,1,0,1,0,4,1,1,Councillor,0,0,0,0,0,1533
153,1,3,8,2,1,Commercial,High,Stables,Option B,0,0,1,0,0,1,0,4,1,1,Councillor,0,0,0,0,0,1533
153,1,3,8,3,0,None,High,None,Status quo,0,0,0,0,0,0,0,4,1,1,Councillor,0,0,0,0,0,1533
153,1,4,11,1,0,Residential,Low,None,Option A,0,1,0,0,1,0,0,4,1,1,Councillor,0,0,0,0,0,1534
153,1,4,11,2,1,Commercial,High,Stables & landscape,Option B,0,0,1,0,0,0,1,4,1,1,Councillor,0,0,0,0,0,1534
153,1,4,11,3,0,None,High,None,Status quo,0,0,0,0,0,0,0,4,1,1,Councillor,0,0,0,0,0,1534
154,3,1,5,1,0,Limited,Medium,Stables,Option A,1,0,0,1,0,1,0,4,1,1,Councillor,1,0,0,1,0,1541
154,3,1,5,2,0,Residential,Medium,Stables & landscape,Option B,0,1,0,1,0,0,1,4,1,1,Councillor,0,1,0,1,0,1541
154,3,1,5,3,1,None,High,None,Status quo,0,0,0,0,0,0,0,4,1,1,Councillor,0,0,0,0,0,1541
154,3,2,6,1,0,Residential,Low,None,Option A,0,1,0,0,1,0,0,4,1,1,Councillor,0,1,0,0,1,1542
154,3,2,6,2,1,Limited,High,Stables & landscape,Option B,1,0,0,0,0,0,1,4,1,1,Councillor,1,0,0,0,0,1542
154,3,2,6,3,0,None,High,None,Status quo,0,0,0,0,0,0,0,4,1,1,Councillor,0,0,0,0,0,1542
154,3,3,9,1,1,Commercial,High,Stables & landscape,Option A,0,0,1,0,0,0,1,4,1,1,Councillor,0,0,1,0,0,1543
154,3,3,9,2,0,Limited,Medium,Stables,Option B,1,0,0,1,0,1,0,4,1,1,Councillor,1,0,0,1,0,1543
154,3,3,9,3,0,None,High,None,Status quo,0,0,0,0,0,0,0,4,1,1,Councillor,0,0,0,0,0,1543
154,3,4,10,1,0,Commercial,Low,None,Option A,0,0,1,0,1,0,0,4,1,1,Councillor,0,0,1,0,1,1544
154,3,4,10,2,0,Limited,Medium,Stables,Option B,1,0,0,1,0,1,0,4,1,1,Councillor,1,0,0,1,0,1544
154,3,4,10,3,1,None,High,None,Status quo,0,0,0,0,0,0,0,4,1,1,Councillor,0,0,0,0,0,1544
155,3,1,1,1,1,Residential,High,Stables & landscape,Option A,0,1,0,0,0,0,1,4,1,1,Councillor,0,1,0,0,0,1551
155,3,1,1,2,0,Limited,Low,None,Option B,1,0,0,0,1,0,0,4,1,1,Councillor,1,0,0,0,1,1551
155,3,1,1,3,0,None,High,None,Status quo,0,0,0,0,0,0,0,4,1,1,Councillor,0,0,0,0,0,1551
155,3,2,2,1,0,Commercial,Low,None,Option A,0,0,1,0,1,0,0,4,1,1,Councillor,0,0,1,0,1,1552
155,3,2,2,2,1,Residential,High,Stables & landscape,Option B,0,1,0,0,0,0,1,4,1,1,Councillor,0,1,0,0,0,1552
155,3,2,2,3,0,None,High,None,Status quo,0,0,0,0,0,0,0,4,1,1,Councillor,0,0,0,0,0,1552
155,3,3,3,1,0,Residential,Low,Stables & landscape,Option A,0,1,0,0,1,0,1,4,1,1,Councillor,0,1,0,0,1,1553
155,3,3,3,2,0,Limited,Medium,Stables,Option B,1,0,0,1,0,1,0,4,1,1,Councillor,1,0,0,1,0,1553
155,3,3,3,3,1,None,High,None,Status quo,0,0,0,0,0,0,0,4,1,1,Councillor,0,0,0,0,0,1553
155,3,4,8,1,0,Limited,Medium,Stables,Option A,1,0,0,1,0,1,0,4,1,1,Councillor,1,0,0,1,0,1554
155,3,4,8,2,1,Commercial,High,Stables,Option B,0,0,1,0,0,1,0,4,1,1,Councillor,0,0,1,0,0,1554
155,3,4,8,3,0,None,High,None,Status quo,0,0,0,0,0,0,0,4,1,1,Councillor,0,0,0,0,0,1554
156,1,1,1,1,1,Residential,High,Stables & landscape,Option A,0,1,0,0,0,0,1,4,1,0,Compliance staff,0,0,0,0,0,1561
156,1,1,1,2,0,Limited,Low,None,Option B,1,0,0,0,1,0,0,4,1,0,Compliance staff,0,0,0,0,0,1561
156,1,1,1,3,0,None,High,None,Status quo,0,0,0,0,0,0,0,4,1,0,Compliance staff,0,0,0,0,0,1561
156,1,2,2,1,0,Commercial,Low,None,Option A,0,0,1,0,1,0,0,4,1,0,Compliance staff,0,0,0,0,0,1562
156,1,2,2,2,1,Residential,High,Stables & landscape,Option B,0,1,0,0,0,0,1,4,1,0,Compliance staff,0,0,0,0,0,1562
156,1,2,2,3,0,None,High,None,Status quo,0,0,0,0,0,0,0,4,1,0,Compliance staff,0,0,0,0,0,1562
156,1,3,6,1,0,Residential,Low,None,Option A,0,1,0,0,1,0,0,4,1,0,Compliance staff,0,0,0,0,0,1563
156,1,3,6,2,1,Limited,High,Stables & landscape,Option B,1,0,0,0,0,0,1,4,1,0,Compliance staff,0,0,0,0,0,1563
156,1,3,6,3,0,None,High,None,Status quo,0,0,0,0,0,0,0,4,1,0,Compliance staff,0,0,0,0,0,1563
156,1,4,10,1,1,Commercial,Low,None,Option A,0,0,1,0,1,0,0,4,1,0,Compliance staff,0,0,0,0,0,1564
156,1,4,10,2,0,Limited,Medium,Stables,Option B,1,0,0,1,0,1,0,4,1,0,Compliance staff,0,0,0,0,0,1564
156,1,4,10,3,0,None,High,None,Status quo,0,0,0,0,0,0,0,4,1,0,Compliance staff,0,0,0,0,0,1564
157,2,1,2,1,0,Commercial,Low,None,Option A,0,0,1,0,1,0,0,4,1,1,Councillor,0,0,1,0,0,1571
157,2,1,2,2,1,Residential,High,Stables & landscape,Option B,0,1,0,0,0,0,1,4,1,1,Councillor,0,1,0,0,0,1571
157,2,1,2,3,0,None,High,None,Status quo,0,0,0,0,0,0,0,4,1,1,Councillor,0,0,0,0,0,1571
157,2,2,6,1,0,Residential,Low,None,Option A,0,1,0,0,1,0,0,4,1,1,Councillor,0,1,0,0,0,1572
157,2,2,6,2,1,Limited,High,Stables & landscape,Option B,1,0,0,0,0,0,1,4,1,1,Councillor,1,0,0,0,0,1572
157,2,2,6,3,0,None,High,None,Status quo,0,0,0,0,0,0,0,4,1,1,Councillor,0,0,0,0,0,1572
157,2,3,7,1,1,Commercial,High,Stables & landscape,Option A,0,0,1,0,0,0,1,4,1,1,Councillor,0,0,1,0,0,1573
157,2,3,7,2,0,Residential,Medium,Stables & landscape,Option B,0,1,0,1,0,0,1,4,1,1,Councillor,0,1,0,0,0,1573
157,2,3,7,3,0,None,High,None,Status quo,0,0,0,0,0,0,0,4,1,1,Councillor,0,0,0,0,0,1573
157,2,4,11,1,0,Residential,Low,None,Option A,0,1,0,0,1,0,0,4,1,1,Councillor,0,1,0,0,0,1574
157,2,4,11,2,1,Commercial,High,Stables & landscape,Option B,0,0,1,0,0,0,1,4,1,1,Councillor,0,0,1,0,0,1574
157,2,4,11,3,0,None,High,None,Status quo,0,0,0,0,0,0,0,4,1,1,Councillor,0,0,0,0,0,1574
158,1,1,1,1,1,Residential,High,Stables & landscape,Option A,0,1,0,0,0,0,1,3,0,1,Councillor,0,0,0,0,0,1581
158,1,1,1,2,0,Limited,Low,None,Option B,1,0,0,0,1,0,0,3,0,1,Councillor,0,0,0,0,0,1581
158,1,1,1,3,0,None,High,None,Status quo,0,0,0,0,0,0,0,3,0,1,Councillor,0,0,0,0,0,1581
158,1,2,1,1,1,Residential,High,Stables & landscape,Option A,0,1,0,0,0,0,1,3,0,1,Councillor,0,0,0,0,0,1582
158,1,2,1,2,0,Limited,Low,None,Option B,1,0,0,0,1,0,0,3,0,1,Councillor,0,0,0,0,0,1582
158,1,2,1,3,0,None,High,None,Status quo,0,0,0,0,0,0,0,3,0,1,Councillor,0,0,0,0,0,1582
158,1,3,2,1,0,Commercial,Low,None,Option A,0,0,1,0,1,0,0,3,0,1,Councillor,0,0,0,0,0,1583
158,1,3,2,2,1,Residential,High,Stables & landscape,Option B,0,1,0,0,0,0,1,3,0,1,Councillor,0,0,0,0,0,1583
158,1,3,2,3,0,None,High,None,Status quo,0,0,0,0,0,0,0,3,0,1,Councillor,0,0,0,0,0,1583
158,1,4,6,1,0,Residential,Low,None,Option A,0,1,0,0,1,0,0,3,0,1,Councillor,0,0,0,0,0,1584
158,1,4,6,2,1,Limited,High,Stables & landscape,Option B,1,0,0,0,0,0,1,3,0,1,Councillor,0,0,0,0,0,1584
158,1,4,6,3,0,None,High,None,Status quo,0,0,0,0,0,0,0,3,0,1,Councillor,0,0,0,0,0,1584
159,2,1,4,1,1,Residential,High,Stables & landscape,Option A,0,1,0,0,0,0,1,4,1,1,Councillor,0,1,0,0,0,1591
159,2,1,4,2,0,Commercial,Medium,None,Option B,0,0,1,1,0,0,0,4,1,1,Councillor,0,0,1,0,0,1591
159,2,1,4,3,0,None,High,None,Status quo,0,0,0,0,0,0,0,4,1,1,Councillor,0,0,0,0,0,1591
159,2,2,5,1,0,Limited,Medium,Stables,Option A,1,0,0,1,0,1,0,4,1,1,Councillor,1,0,0,0,0,1592
159,2,2,5,2,0,Residential,Medium,Stables & landscape,Option B,0,1,0,1,0,0,1,4,1,1,Councillor,0,1,0,0,0,1592
159,2,2,5,3,1,None,High,None,Status quo,0,0,0,0,0,0,0,4,1,1,Councillor,0,0,0,0,0,1592
159,2,3,6,1,0,Residential,Low,None,Option A,0,1,0,0,1,0,0,4,1,1,Councillor,0,1,0,0,0,1593
159,2,3,6,2,1,Limited,High,Stables & landscape,Option B,1,0,0,0,0,0,1,4,1,1,Councillor,1,0,0,0,0,1593
159,2,3,6,3,0,None,High,None,Status quo,0,0,0,0,0,0,0,4,1,1,Councillor,0,0,0,0,0,1593
159,2,4,11,1,0,Residential,Low,None,Option A,0,1,0,0,1,0,0,4,1,1,Councillor,0,1,0,0,0,1594
159,2,4,11,2,1,Commercial,High,Stables & landscape,Option B,0,0,1,0,0,0,1,4,1,1,Councillor,0,0,1,0,0,1594
159,2,4,11,3,0,None,High,None,Status quo,0,0,0,0,0,0,0,4,1,1,Councillor,0,0,0,0,0,1594
160,2,1,1,1,0,Residential,High,Stables & landscape,Option A,0,1,0,0,0,0,1,4,1,1,Councillor,0,1,0,0,0,1601
160,2,1,1,2,1,Limited,Low,None,Option B,1,0,0,0,1,0,0,4,1,1,Councillor,1,0,0,0,0,1601
160,2,1,1,3,0,None,High,None,Status quo,0,0,0,0,0,0,0,4,1,1,Councillor,0,0,0,0,0,1601
160,2,2,9,1,0,Commercial,High,Stables & landscape,Option A,0,0,1,0,0,0,1,4,1,1,Councillor,0,0,1,0,0,1602
160,2,2,9,2,0,Limited,Medium,Stables,Option B,1,0,0,1,0,1,0,4,1,1,Councillor,1,0,0,0,0,1602
160,2,2,9,3,1,None,High,None,Status quo,0,0,0,0,0,0,0,4,1,1,Councillor,0,0,0,0,0,1602
160,2,3,10,1,0,Commercial,Low,None,Option A,0,0,1,0,1,0,0,4,1,1,Councillor,0,0,1,0,0,1603
160,2,3,10,2,0,Limited,Medium,Stables,Option B,1,0,0,1,0,1,0,4,1,1,Councillor,1,0,0,0,0,1603
160,2,3,10,3,1,None,High,None,Status quo,0,0,0,0,0,0,0,4,1,1,Councillor,0,0,0,0,0,1603
160,2,4,12,1,0,Limited,Medium,Stables,Option A,1,0,0,1,0,1,0,4,1,1,Councillor,1,0,0,0,0,1604
160,2,4,12,2,1,Residential,Low,Stables,Option B,0,1,0,0,1,1,0,4,1,1,Councillor,0,1,0,0,0,1604
160,2,4,12,3,0,None,High,None,Status quo,0,0,0,0,0,0,0,4,1,1,Councillor,0,0,0,0,0,1604
161,3,1,2,1,0,Commercial,Low,None,Option A,0,0,1,0,1,0,0,4,1,1,Councillor,0,0,1,0,1,1611
161,3,1,2,2,1,Residential,High,Stables & landscape,Option B,0,1,0,0,0,0,1,4,1,1,Councillor,0,1,0,0,0,1611
161,3,1,2,3,0,None,High,None,Status quo,0,0,0,0,0,0,0,4,1,1,Councillor,0,0,0,0,0,1611
161,3,2,4,1,1,Residential,High,Stables & landscape,Option A,0,1,0,0,0,0,1,4,1,1,Councillor,0,1,0,0,0,1612
161,3,2,4,2,0,Commercial,Medium,None,Option B,0,0,1,1,0,0,0,4,1,1,Councillor,0,0,1,1,0,1612
161,3,2,4,3,0,None,High,None,Status quo,0,0,0,0,0,0,0,4,1,1,Councillor,0,0,0,0,0,1612
161,3,3,8,1,0,Limited,Medium,Stables,Option A,1,0,0,1,0,1,0,4,1,1,Councillor,1,0,0,1,0,1613
161,3,3,8,2,1,Commercial,High,Stables,Option B,0,0,1,0,0,1,0,4,1,1,Councillor,0,0,1,0,0,1613
161,3,3,8,3,0,None,High,None,Status quo,0,0,0,0,0,0,0,4,1,1,Councillor,0,0,0,0,0,1613
161,3,4,11,1,0,Residential,Low,None,Option A,0,1,0,0,1,0,0,4,1,1,Councillor,0,1,0,0,1,1614
161,3,4,11,2,1,Commercial,High,Stables & landscape,Option B,0,0,1,0,0,0,1,4,1,1,Councillor,0,0,1,0,0,1614
161,3,4,11,3,0,None,High,None,Status quo,0,0,0,0,0,0,0,4,1,1,Councillor,0,0,0,0,0,1614
162,1,1,3,1,0,Residential,Low,Stables & landscape,Option A,0,1,0,0,1,0,1,4,1,1,Councillor,0,0,0,0,0,1621
162,1,1,3,2,1,Limited,Medium,Stables,Option B,1,0,0,1,0,1,0,4,1,1,Councillor,0,0,0,0,0,1621
162,1,1,3,3,0,None,High,None,Status quo,0,0,0,0,0,0,0,4,1,1,Councillor,0,0,0,0,0,1621
162,1,2,4,1,1,Residential,High,Stables & landscape,Option A,0,1,0,0,0,0,1,4,1,1,Councillor,0,0,0,0,0,1622
162,1,2,4,2,0,Commercial,Medium,None,Option B,0,0,1,1,0,0,0,4,1,1,Councillor,0,0,0,0,0,1622
162,1,2,4,3,0,None,High,None,Status quo,0,0,0,0,0,0,0,4,1,1,Councillor,0,0,0,0,0,1622
162,1,3,8,1,0,Limited,Medium,Stables,Option A,1,0,0,1,0,1,0,4,1,1,Councillor,0,0,0,0,0,1623
162,1,3,8,2,1,Commercial,High,Stables,Option B,0,0,1,0,0,1,0,4,1,1,Councillor,0,0,0,0,0,1623
162,1,3,8,3,0,None,High,None,Status quo,0,0,0,0,0,0,0,4,1,1,Councillor,0,0,0,0,0,1623
162,1,4,11,1,0,Residential,Low,None,Option A,0,1,0,0,1,0,0,4,1,1,Councillor,0,0,0,0,0,1624
162,1,4,11,2,1,Commercial,High,Stables & landscape,Option B,0,0,1,0,0,0,1,4,1,1,Councillor,0,0,0,0,0,1624
162,1,4,11,3,0,None,High,None,Status quo,0,0,0,0,0,0,0,4,1,1,Councillor,0,0,0,0,0,1624
163,2,1,2,1,0,Commercial,Low,None,Option A,0,0,1,0,1,0,0,4,1,1,Councillor,0,0,1,0,0,1631
163,2,1,2,2,1,Residential,High,Stables & landscape,Option B,0,1,0,0,0,0,1,4,1,1,Councillor,0,1,0,0,0,1631
163,2,1,2,3,0,None,High,None,Status quo,0,0,0,0,0,0,0,4,1,1,Councillor,0,0,0,0,0,1631
163,2,2,3,1,0,Residential,Low,Stables & landscape,Option A,0,1,0,0,1,0,1,4,1,1,Councillor,0,1,0,0,0,1632
163,2,2,3,2,1,Limited,Medium,Stables,Option B,1,0,0,1,0,1,0,4,1,1,Councillor,1,0,0,0,0,1632
163,2,2,3,3,0,None,High,None,Status quo,0,0,0,0,0,0,0,4,1,1,Councillor,0,0,0,0,0,1632
163,2,3,8,1,0,Limited,Medium,Stables,Option A,1,0,0,1,0,1,0,4,1,1,Councillor,1,0,0,0,0,1633
163,2,3,8,2,1,Commercial,High,Stables,Option B,0,0,1,0,0,1,0,4,1,1,Councillor,0,0,1,0,0,1633
163,2,3,8,3,0,None,High,None,Status quo,0,0,0,0,0,0,0,4,1,1,Councillor,0,0,0,0,0,1633
163,2,4,9,1,1,Commercial,High,Stables & landscape,Option A,0,0,1,0,0,0,1,4,1,1,Councillor,0,0,1,0,0,1634
163,2,4,9,2,0,Limited,Medium,Stables,Option B,1,0,0,1,0,1,0,4,1,1,Councillor,1,0,0,0,0,1634
163,2,4,9,3,0,None,High,None,Status quo,0,0,0,0,0,0,0,4,1,1,Councillor,0,0,0,0,0,1634
164,3,1,1,1,1,Residential,High,Stables & landscape,Option A,0,1,0,0,0,0,1,4,1,1,Councillor,0,1,0,0,0,1641
164,3,1,1,2,0,Limited,Low,None,Option B,1,0,0,0,1,0,0,4,1,1,Councillor,1,0,0,0,1,1641
164,3,1,1,3,0,None,High,None,Status quo,0,0,0,0,0,0,0,4,1,1,Councillor,0,0,0,0,0,1641
164,3,2,5,1,1,Limited,Medium,Stables,Option A,1,0,0,1,0,1,0,4,1,1,Councillor,1,0,0,1,0,1642
164,3,2,5,2,0,Residential,Medium,Stables & landscape,Option B,0,1,0,1,0,0,1,4,1,1,Councillor,0,1,0,1,0,1642
164,3,2,5,3,0,None,High,None,Status quo,0,0,0,0,0,0,0,4,1,1,Councillor,0,0,0,0,0,1642
164,3,3,7,1,1,Commercial,High,Stables & landscape,Option A,0,0,1,0,0,0,1,4,1,1,Councillor,0,0,1,0,0,1643
164,3,3,7,2,0,Residential,Medium,Stables & landscape,Option B,0,1,0,1,0,0,1,4,1,1,Councillor,0,1,0,1,0,1643
164,3,3,7,3,0,None,High,None,Status quo,0,0,0,0,0,0,0,4,1,1,Councillor,0,0,0,0,0,1643
164,3,4,9,1,1,Commercial,High,Stables & landscape,Option A,0,0,1,0,0,0,1,4,1,1,Councillor,0,0,1,0,0,1644
164,3,4,9,2,0,Limited,Medium,Stables,Option B,1,0,0,1,0,1,0,4,1,1,Councillor,1,0,0,1,0,1644
164,3,4,9,3,0,None,High,None,Status quo,0,0,0,0,0,0,0,4,1,1,Councillor,0,0,0,0,0,1644
165,1,1,7,1,1,Commercial,High,Stables & landscape,Option A,0,0,1,0,0,0,1,4,1,1,Councillor,0,0,0,0,0,1651
165,1,1,7,2,0,Residential,Medium,Stables & landscape,Option B,0,1,0,1,0,0,1,4,1,1,Councillor,0,0,0,0,0,1651
165,1,1,7,3,0,None,High,None,Status quo,0,0,0,0,0,0,0,4,1,1,Councillor,0,0,0,0,0,1651
165,1,2,9,1,1,Commercial,High,Stables & landscape,Option A,0,0,1,0,0,0,1,4,1,1,Councillor,0,0,0,0,0,1652
165,1,2,9,2,0,Limited,Medium,Stables,Option B,1,0,0,1,0,1,0,4,1,1,Councillor,0,0,0,0,0,1652
165,1,2,9,3,0,None,High,None,Status quo,0,0,0,0,0,0,0,4,1,1,Councillor,0,0,0,0,0,1652
165,1,3,10,1,0,Commercial,Low,None,Option A,0,0,1,0,1,0,0,4,1,1,Councillor,0,0,0,0,0,1653
165,1,3,10,2,1,Limited,Medium,Stables,Option B,1,0,0,1,0,1,0,4,1,1,Councillor,0,0,0,0,0,1653
165,1,3,10,3,0,None,High,None,Status quo,0,0,0,0,0,0,0,4,1,1,Councillor,0,0,0,0,0,1653
165,1,4,12,1,0,Limited,Medium,Stables,Option A,1,0,0,1,0,1,0,4,1,1,Councillor,0,0,0,0,0,1654
165,1,4,12,2,0,Residential,Low,Stables,Option B,0,1,0,0,1,1,0,4,1,1,Councillor,0,0,0,0,0,1654
165,1,4,12,3,1,None,High,None,Status quo,0,0,0,0,0,0,0,4,1,1,Councillor,0,0,0,0,0,1654
166,1,1,3,1,1,Residential,Low,Stables & landscape,Option A,0,1,0,0,1,0,1,4,1,0,Not answered,0,0,0,0,0,1661
166,1,1,3,2,0,Limited,Medium,Stables,Option B,1,0,0,1,0,1,0,4,1,0,Not answered,0,0,0,0,0,1661
166,1,1,3,3,0,None,High,None,Status quo,0,0,0,0,0,0,0,4,1,0,Not answered,0,0,0,0,0,1661
166,1,2,4,1,1,Residential,High,Stables & landscape,Option A,0,1,0,0,0,0,1,4,1,0,Not answered,0,0,0,0,0,1662
166,1,2,4,2,0,Commercial,Medium,None,Option B,0,0,1,1,0,0,0,4,1,0,Not answered,0,0,0,0,0,1662
166,1,2,4,3,0,None,High,None,Status quo,0,0,0,0,0,0,0,4,1,0,Not answered,0,0,0,0,0,1662
166,1,3,7,1,1,Commercial,High,Stables & landscape,Option A,0,0,1,0,0,0,1,4,1,0,Not answered,0,0,0,0,0,1663
166,1,3,7,2,0,Residential,Medium,Stables & landscape,Option B,0,1,0,1,0,0,1,4,1,0,Not answered,0,0,0,0,0,1663
166,1,3,7,3,0,None,High,None,Status quo,0,0,0,0,0,0,0,4,1,0,Not answered,0,0,0,0,0,1663
166,1,4,12,1,0,Limited,Medium,Stables,Option A,1,0,0,1,0,1,0,4,1,0,Not answered,0,0,0,0,0,1664
166,1,4,12,2,0,Residential,Low,Stables,Option B,0,1,0,0,1,1,0,4,1,0,Not answered,0,0,0,0,0,1664
166,1,4,12,3,1,None,High,None,Status quo,0,0,0,0,0,0,0,4,1,0,Not answered,0,0,0,0,0,1664
167,2,1,1,1,0,Residential,High,Stables & landscape,Option A,0,1,0,0,0,0,1,4,1,1,Councillor,0,1,0,0,0,1671
167,2,1,1,2,0,Limited,Low,None,Option B,1,0,0,0,1,0,0,4,1,1,Councillor,1,0,0,0,0,1671
167,2,1,1,3,1,None,High,None,Status quo,0,0,0,0,0,0,0,4,1,1,Councillor,0,0,0,0,0,1671
167,2,2,6,1,0,Residential,Low,None,Option A,0,1,0,0,1,0,0,4,1,1,Councillor,0,1,0,0,0,1672
167,2,2,6,2,0,Limited,High,Stables & landscape,Option B,1,0,0,0,0,0,1,4,1,1,Councillor,1,0,0,0,0,1672
167,2,2,6,3,1,None,High,None,Status quo,0,0,0,0,0,0,0,4,1,1,Councillor,0,0,0,0,0,1672
167,2,3,8,1,0,Limited,Medium,Stables,Option A,1,0,0,1,0,1,0,4,1,1,Councillor,1,0,0,0,0,1673
167,2,3,8,2,0,Commercial,High,Stables,Option B,0,0,1,0,0,1,0,4,1,1,Councillor,0,0,1,0,0,1673
167,2,3,8,3,1,None,High,None,Status quo,0,0,0,0,0,0,0,4,1,1,Councillor,0,0,0,0,0,1673
167,2,4,10,1,0,Commercial,Low,None,Option A,0,0,1,0,1,0,0,4,1,1,Councillor,0,0,1,0,0,1674
167,2,4,10,2,0,Limited,Medium,Stables,Option B,1,0,0,1,0,1,0,4,1,1,Councillor,1,0,0,0,0,1674
167,2,4,10,3,1,None,High,None,Status quo,0,0,0,0,0,0,0,4,1,1,Councillor,0,0,0,0,0,1674
168,3,1,2,1,0,Commercial,Low,None,Option A,0,0,1,0,1,0,0,4,1,1,Other,0,0,1,0,1,1681
168,3,1,2,2,0,Residential,High,Stables & landscape,Option B,0,1,0,0,0,0,1,4,1,1,Other,0,1,0,0,0,1681
168,3,1,2,3,1,None,High,None,Status quo,0,0,0,0,0,0,0,4,1,1,Other,0,0,0,0,0,1681
168,3,2,3,1,0,Residential,Low,Stables & landscape,Option A,0,1,0,0,1,0,1,4,1,1,Other,0,1,0,0,1,1682
168,3,2,3,2,0,Limited,Medium,Stables,Option B,1,0,0,1,0,1,0,4,1,1,Other,1,0,0,1,0,1682
168,3,2,3,3,1,None,High,None,Status quo,0,0,0,0,0,0,0,4,1,1,Other,0,0,0,0,0,1682
168,3,3,4,1,0,Residential,High,Stables & landscape,Option A,0,1,0,0,0,0,1,4,1,1,Other,0,1,0,0,0,1683
168,3,3,4,2,0,Commercial,Medium,None,Option B,0,0,1,1,0,0,0,4,1,1,Other,0,0,1,1,0,1683
168,3,3,4,3,1,None,High,None,Status quo,0,0,0,0,0,0,0,4,1,1,Other,0,0,0,0,0,1683
168,3,4,6,1,0,Residential,Low,None,Option A,0,1,0,0,1,0,0,4,1,1,Other,0,1,0,0,1,1684
168,3,4,6,2,1,Limited,High,Stables & landscape,Option B,1,0,0,0,0,0,1,4,1,1,Other,1,0,0,0,0,1684
168,3,4,6,3,0,None,High,None,Status quo,0,0,0,0,0,0,0,4,1,1,Other,0,0,0,0,0,1684
169,2,1,2,1,0,Commercial,Low,None,Option A,0,0,1,0,1,0,0,4,1,1,Councillor,0,0,1,0,0,1691
169,2,1,2,2,1,Residential,High,Stables & landscape,Option B,0,1,0,0,0,0,1,4,1,1,Councillor,0,1,0,0,0,1691
169,2,1,2,3,0,None,High,None,Status quo,0,0,0,0,0,0,0,4,1,1,Councillor,0,0,0,0,0,1691
169,2,2,3,1,0,Residential,Low,Stables & landscape,Option A,0,1,0,0,1,0,1,4,1,1,Councillor,0,1,0,0,0,1692
169,2,2,3,2,1,Limited,Medium,Stables,Option B,1,0,0,1,0,1,0,4,1,1,Councillor,1,0,0,0,0,1692
169,2,2,3,3,0,None,High,None,Status quo,0,0,0,0,0,0,0,4,1,1,Councillor,0,0,0,0,0,1692
169,2,3,5,1,0,Limited,Medium,Stables,Option A,1,0,0,1,0,1,0,4,1,1,Councillor,1,0,0,0,0,1693
169,2,3,5,2,1,Residential,Medium,Stables & landscape,Option B,0,1,0,1,0,0,1,4,1,1,Councillor,0,1,0,0,0,1693
169,2,3,5,3,0,None,High,None,Status quo,0,0,0,0,0,0,0,4,1,1,Councillor,0,0,0,0,0,1693
169,2,4,7,1,1,Commercial,High,Stables & landscape,Option A,0,0,1,0,0,0,1,4,1,1,Councillor,0,0,1,0,0,1694
169,2,4,7,2,0,Residential,Medium,Stables & landscape,Option B,0,1,0,1,0,0,1,4,1,1,Councillor,0,1,0,0,0,1694
169,2,4,7,3,0,None,High,None,Status quo,0,0,0,0,0,0,0,4,1,1,Councillor,0,0,0,0,0,1694
170,1,1,2,1,0,Commercial,Low,None,Option A,0,0,1,0,1,0,0,4,1,1,Councillor,0,0,0,0,0,1701
170,1,1,2,2,1,Residential,High,Stables & landscape,Option B,0,1,0,0,0,0,1,4,1,1,Councillor,0,0,0,0,0,1701
170,1,1,2,3,0,None,High,None,Status quo,0,0,0,0,0,0,0,4,1,1,Councillor,0,0,0,0,0,1701
170,1,2,5,1,1,Limited,Medium,Stables,Option A,1,0,0,1,0,1,0,4,1,1,Councillor,0,0,0,0,0,1702
170,1,2,5,2,0,Residential,Medium,Stables & landscape,Option B,0,1,0,1,0,0,1,4,1,1,Councillor,0,0,0,0,0,1702
170,1,2,5,3,0,None,High,None,Status quo,0,0,0,0,0,0,0,4,1,1,Councillor,0,0,0,0,0,1702
170,1,3,10,1,0,Commercial,Low,None,Option A,0,0,1,0,1,0,0,4,1,1,Councillor,0,0,0,0,0,1703
170,1,3,10,2,0,Limited,Medium,Stables,Option B,1,0,0,1,0,1,0,4,1,1,Councillor,0,0,0,0,0,1703
170,1,3,10,3,1,None,High,None,Status quo,0,0,0,0,0,0,0,4,1,1,Councillor,0,0,0,0,0,1703
170,1,4,11,1,0,Residential,Low,None,Option A,0,1,0,0,1,0,0,4,1,1,Councillor,0,0,0,0,0,1704
170,1,4,11,2,1,Commercial,High,Stables & landscape,Option B,0,0,1,0,0,0,1,4,1,1,Councillor,0,0,0,0,0,1704
170,1,4,11,3,0,None,High,None,Status quo,0,0,0,0,0,0,0,4,1,1,Councillor,0,0,0,0,0,1704
171,3,1,1,1,1,Residential,High,Stables & landscape,Option A,0,1,0,0,0,0,1,4,1,1,Councillor,0,1,0,0,0,1711
171,3,1,1,2,0,Limited,Low,None,Option B,1,0,0,0,1,0,0,4,1,1,Councillor,1,0,0,0,1,1711
171,3,1,1,3,0,None,High,None,Status quo,0,0,0,0,0,0,0,4,1,1,Councillor,0,0,0,0,0,1711
171,3,2,5,1,0,Limited,Medium,Stables,Option A,1,0,0,1,0,1,0,4,1,1,Councillor,1,0,0,1,0,1712
171,3,2,5,2,1,Residential,Medium,Stables & landscape,Option B,0,1,0,1,0,0,1,4,1,1,Councillor,0,1,0,1,0,1712
171,3,2,5,3,0,None,High,None,Status quo,0,0,0,0,0,0,0,4,1,1,Councillor,0,0,0,0,0,1712
171,3,3,10,1,0,Commercial,Low,None,Option A,0,0,1,0,1,0,0,4,1,1,Councillor,0,0,1,0,1,1713
171,3,3,10,2,1,Limited,Medium,Stables,Option B,1,0,0,1,0,1,0,4,1,1,Councillor,1,0,0,1,0,1713
171,3,3,10,3,0,None,High,None,Status quo,0,0,0,0,0,0,0,4,1,1,Councillor,0,0,0,0,0,1713
171,3,4,12,1,0,Limited,Medium,Stables,Option A,1,0,0,1,0,1,0,4,1,1,Councillor,1,0,0,1,0,1714
171,3,4,12,2,1,Residential,Low,Stables,Option B,0,1,0,0,1,1,0,4,1,1,Councillor,0,1,0,0,1,1714
171,3,4,12,3,0,None,High,None,Status quo,0,0,0,0,0,0,0,4,1,1,Councillor,0,0,0,0,0,1714
172,1,1,3,1,0,Residential,Low,Stables & landscape,Option A,0,1,0,0,1,0,1,4,1,1,Councillor,0,0,0,0,0,1721
172,1,1,3,2,1,Limited,Medium,Stables,Option B,1,0,0,1,0,1,0,4,1,1,Councillor,0,0,0,0,0,1721
172,1,1,3,3,0,None,High,None,Status quo,0,0,0,0,0,0,0,4,1,1,Councillor,0,0,0,0,0,1721
172,1,2,4,1,0,Residential,High,Stables & landscape,Option A,0,1,0,0,0,0,1,4,1,1,Councillor,0,0,0,0,0,1722
172,1,2,4,2,1,Commercial,Medium,None,Option B,0,0,1,1,0,0,0,4,1,1,Councillor,0,0,0,0,0,1722
172,1,2,4,3,0,None,High,None,Status quo,0,0,0,0,0,0,0,4,1,1,Councillor,0,0,0,0,0,1722
172,1,3,5,1,1,Limited,Medium,Stables,Option A,1,0,0,1,0,1,0,4,1,1,Councillor,0,0,0,0,0,1723
172,1,3,5,2,0,Residential,Medium,Stables & landscape,Option B,0,1,0,1,0,0,1,4,1,1,Councillor,0,0,0,0,0,1723
172,1,3,5,3,0,None,High,None,Status quo,0,0,0,0,0,0,0,4,1,1,Councillor,0,0,0,0,0,1723
172,1,4,6,1,0,Residential,Low,None,Option A,0,1,0,0,1,0,0,4,1,1,Councillor,0,0,0,0,0,1724
172,1,4,6,2,1,Limited,High,Stables & landscape,Option B,1,0,0,0,0,0,1,4,1,1,Councillor,0,0,0,0,0,1724
172,1,4,6,3,0,None,High,None,Status quo,0,0,0,0,0,0,0,4,1,1,Councillor,0,0,0,0,0,1724
173,2,1,4,1,1,Residential,High,Stables & landscape,Option A,0,1,0,0,0,0,1,4,1,1,Councillor,0,1,0,0,0,1731
173,2,1,4,2,0,Commercial,Medium,None,Option B,0,0,1,1,0,0,0,4,1,1,Councillor,0,0,1,0,0,1731
173,2,1,4,3,0,None,High,None,Status quo,0,0,0,0,0,0,0,4,1,1,Councillor,0,0,0,0,0,1731
173,2,2,8,1,0,Limited,Medium,Stables,Option A,1,0,0,1,0,1,0,4,1,1,Councillor,1,0,0,0,0,1732
173,2,2,8,2,1,Commercial,High,Stables,Option B,0,0,1,0,0,1,0,4,1,1,Councillor,0,0,1,0,0,1732
173,2,2,8,3,0,None,High,None,Status quo,0,0,0,0,0,0,0,4,1,1,Councillor,0,0,0,0,0,1732
173,2,3,11,1,0,Residential,Low,None,Option A,0,1,0,0,1,0,0,4,1,1,Councillor,0,1,0,0,0,1733
173,2,3,11,2,1,Commercial,High,Stables & landscape,Option B,0,0,1,0,0,0,1,4,1,1,Councillor,0,0,1,0,0,1733
173,2,3,11,3,0,None,High,None,Status quo,0,0,0,0,0,0,0,4,1,1,Councillor,0,0,0,0,0,1733
173,2,4,12,1,1,Limited,Medium,Stables,Option A,1,0,0,1,0,1,0,4,1,1,Councillor,1,0,0,0,0,1734
173,2,4,12,2,0,Residential,Low,Stables,Option B,0,1,0,0,1,1,0,4,1,1,Councillor,0,1,0,0,0,1734
173,2,4,12,3,0,None,High,None,Status quo,0,0,0,0,0,0,0,4,1,1,Councillor,0,0,0,0,0,1734
174,3,1,7,1,0,Commercial,High,Stables & landscape,Option A,0,0,1,0,0,0,1,4,1,1,Councillor,0,0,1,0,0,1741
174,3,1,7,2,0,Residential,Medium,Stables & landscape,Option B,0,1,0,1,0,0,1,4,1,1,Councillor,0,1,0,1,0,1741
174,3,1,7,3,1,None,High,None,Status quo,0,0,0,0,0,0,0,4,1,1,Councillor,0,0,0,0,0,1741
174,3,2,8,1,0,Limited,Medium,Stables,Option A,1,0,0,1,0,1,0,4,1,1,Councillor,1,0,0,1,0,1742
174,3,2,8,2,1,Commercial,High,Stables,Option B,0,0,1,0,0,1,0,4,1,1,Councillor,0,0,1,0,0,1742
174,3,2,8,3,0,None,High,None,Status quo,0,0,0,0,0,0,0,4,1,1,Councillor,0,0,0,0,0,1742
174,3,3,9,1,0,Commercial,High,Stables & landscape,Option A,0,0,1,0,0,0,1,4,1,1,Councillor,0,0,1,0,0,1743
174,3,3,9,2,0,Limited,Medium,Stables,Option B,1,0,0,1,0,1,0,4,1,1,Councillor,1,0,0,1,0,1743
174,3,3,9,3,1,None,High,None,Status quo,0,0,0,0,0,0,0,4,1,1,Councillor,0,0,0,0,0,1743
174,3,4,11,1,0,Residential,Low,None,Option A,0,1,0,0,1,0,0,4,1,1,Councillor,0,1,0,0,1,1744
174,3,4,11,2,0,Commercial,High,Stables & landscape,Option B,0,0,1,0,0,0,1,4,1,1,Councillor,0,0,1,0,0,1744
174,3,4,11,3,1,None,High,None,Status quo,0,0,0,0,0,0,0,4,1,1,Councillor,0,0,0,0,0,1744
175,1,1,1,1,0,Residential,High,Stables & landscape,Option A,0,1,0,0,0,0,1,4,1,1,Councillor,0,0,0,0,0,1751
175,1,1,1,2,0,Limited,Low,None,Option B,1,0,0,0,1,0,0,4,1,1,Councillor,0,0,0,0,0,1751
175,1,1,1,3,1,None,High,None,Status quo,0,0,0,0,0,0,0,4,1,1,Councillor,0,0,0,0,0,1751
175,1,2,6,1,0,Residential,Low,None,Option A,0,1,0,0,1,0,0,4,1,1,Councillor,0,0,0,0,0,1752
175,1,2,6,2,1,Limited,High,Stables & landscape,Option B,1,0,0,0,0,0,1,4,1,1,Councillor,0,0,0,0,0,1752
175,1,2,6,3,0,None,High,None,Status quo,0,0,0,0,0,0,0,4,1,1,Councillor,0,0,0,0,0,1752
175,1,3,8,1,0,Limited,Medium,Stables,Option A,1,0,0,1,0,1,0,4,1,1,Councillor,0,0,0,0,0,1753
175,1,3,8,2,0,Commercial,High,Stables,Option B,0,0,1,0,0,1,0,4,1,1,Councillor,0,0,0,0,0,1753
175,1,3,8,3,1,None,High,None,Status quo,0,0,0,0,0,0,0,4,1,1,Councillor,0,0,0,0,0,1753
175,1,4,9,1,0,Commercial,High,Stables & landscape,Option A,0,0,1,0,0,0,1,4,1,1,Councillor,0,0,0,0,0,1754
175,1,4,9,2,0,Limited,Medium,Stables,Option B,1,0,0,1,0,1,0,4,1,1,Councillor,0,0,0,0,0,1754
175,1,4,9,3,1,None,High,None,Status quo,0,0,0,0,0,0,0,4,1,1,Councillor,0,0,0,0,0,1754
176,2,1,3,1,0,Residential,Low,Stables & landscape,Option A,0,1,0,0,1,0,1,4,1,0,Policy staff,0,1,0,0,0,1761
176,2,1,3,2,0,Limited,Medium,Stables,Option B,1,0,0,1,0,1,0,4,1,0,Policy staff,1,0,0,0,0,1761
176,2,1,3,3,1,None,High,None,Status quo,0,0,0,0,0,0,0,4,1,0,Policy staff,0,0,0,0,0,1761
176,2,2,6,1,0,Residential,Low,None,Option A,0,1,0,0,1,0,0,4,1,0,Policy staff,0,1,0,0,0,1762
176,2,2,6,2,1,Limited,High,Stables & landscape,Option B,1,0,0,0,0,0,1,4,1,0,Policy staff,1,0,0,0,0,1762
176,2,2,6,3,0,None,High,None,Status quo,0,0,0,0,0,0,0,4,1,0,Policy staff,0,0,0,0,0,1762
176,2,3,7,1,1,Commercial,High,Stables & landscape,Option A,0,0,1,0,0,0,1,4,1,0,Policy staff,0,0,1,0,0,1763
176,2,3,7,2,0,Residential,Medium,Stables & landscape,Option B,0,1,0,1,0,0,1,4,1,0,Policy staff,0,1,0,0,0,1763
176,2,3,7,3,0,None,High,None,Status quo,0,0,0,0,0,0,0,4,1,0,Policy staff,0,0,0,0,0,1763
176,2,4,10,1,0,Commercial,Low,None,Option A,0,0,1,0,1,0,0,4,1,0,Policy staff,0,0,1,0,0,1764
176,2,4,10,2,0,Limited,Medium,Stables,Option B,1,0,0,1,0,1,0,4,1,0,Policy staff,1,0,0,0,0,1764
176,2,4,10,3,1,None,High,None,Status quo,0,0,0,0,0,0,0,4,1,0,Policy staff,0,0,0,0,0,1764
179,2,1,9,1,0,Commercial,High,Stables & landscape,Option A,0,0,1,0,0,0,1,1,0,1,Councillor,0,0,1,0,0,1791
179,2,1,9,2,0,Limited,Medium,Stables,Option B,1,0,0,1,0,1,0,1,0,1,Councillor,1,0,0,0,0,1791
179,2,1,9,3,1,None,High,None,Status quo,0,0,0,0,0,0,0,1,0,1,Councillor,0,0,0,0,0,1791
179,2,2,9,1,0,Commercial,High,Stables & landscape,Option A,0,0,1,0,0,0,1,1,0,1,Councillor,0,0,1,0,0,1792
179,2,2,9,2,0,Limited,Medium,Stables,Option B,1,0,0,1,0,1,0,1,0,1,Councillor,1,0,0,0,0,1792
179,2,2,9,3,1,None,High,None,Status quo,0,0,0,0,0,0,0,1,0,1,Councillor,0,0,0,0,0,1792
179,2,3,9,1,0,Commercial,High,Stables & landscape,Option A,0,0,1,0,0,0,1,1,0,1,Councillor,0,0,1,0,0,1793
179,2,3,9,2,0,Limited,Medium,Stables,Option B,1,0,0,1,0,1,0,1,0,1,Councillor,1,0,0,0,0,1793
179,2,3,9,3,1,None,High,None,Status quo,0,0,0,0,0,0,0,1,0,1,Councillor,0,0,0,0,0,1793
179,2,4,9,1,0,Commercial,High,Stables & landscape,Option A,0,0,1,0,0,0,1,1,0,1,Councillor,0,0,1,0,0,1794
179,2,4,9,2,0,Limited,Medium,Stables,Option B,1,0,0,1,0,1,0,1,0,1,Councillor,1,0,0,0,0,1794
179,2,4,9,3,1,None,High,None,Status quo,0,0,0,0,0,0,0,1,0,1,Councillor,0,0,0,0,0,1794
186,1,1,3,1,1,Residential,Low,Stables & landscape,Option A,0,1,0,0,1,0,1,2,0,0,Not answered,0,0,0,0,0,1861
186,1,1,3,2,0,Limited,Medium,Stables,Option B,1,0,0,1,0,1,0,2,0,0,Not answered,0,0,0,0,0,1861
186,1,1,3,3,0,None,High,None,Status quo,0,0,0,0,0,0,0,2,0,0,Not answered,0,0,0,0,0,1861
186,1,2,3,1,1,Residential,Low,Stables & landscape,Option A,0,1,0,0,1,0,1,2,0,0,Not answered,0,0,0,0,0,1862
186,1,2,3,2,0,Limited,Medium,Stables,Option B,1,0,0,1,0,1,0,2,0,0,Not answered,0,0,0,0,0,1862
186,1,2,3,3,0,None,High,None,Status quo,0,0,0,0,0,0,0,2,0,0,Not answered,0,0,0,0,0,1862
186,1,3,3,1,1,Residential,Low,Stables & landscape,Option A,0,1,0,0,1,0,1,2,0,0,Not answered,0,0,0,0,0,1863
186,1,3,3,2,0,Limited,Medium,Stables,Option B,1,0,0,1,0,1,0,2,0,0,Not answered,0,0,0,0,0,1863
186,1,3,3,3,0,None,High,None,Status quo,0,0,0,0,0,0,0,2,0,0,Not answered,0,0,0,0,0,1863
186,1,4,8,1,0,Limited,Medium,Stables,Option A,1,0,0,1,0,1,0,2,0,0,Not answered,0,0,0,0,0,1864
186,1,4,8,2,1,Commercial,High,Stables,Option B,0,0,1,0,0,1,0,2,0,0,Not answered,0,0,0,0,0,1864
186,1,4,8,3,0,None,High,None,Status quo,0,0,0,0,0,0,0,2,0,0,Not answered,0,0,0,0,0,1864
193,2,1,5,1,0,Limited,Medium,Stables,Option A,1,0,0,1,0,1,0,3,0,1,Councillor,1,0,0,0,0,1931
193,2,1,5,2,1,Residential,Medium,Stables & landscape,Option B,0,1,0,1,0,0,1,3,0,1,Councillor,0,1,0,0,0,1931
193,2,1,5,3,0,None,High,None,Status quo,0,0,0,0,0,0,0,3,0,1,Councillor,0,0,0,0,0,1931
193,2,2,5,1,0,Limited,Medium,Stables,Option A,1,0,0,1,0,1,0,3,0,1,Councillor,1,0,0,0,0,1932
193,2,2,5,2,1,Residential,Medium,Stables & landscape,Option B,0,1,0,1,0,0,1,3,0,1,Councillor,0,1,0,0,0,1932
193,2,2,5,3,0,None,High,None,Status quo,0,0,0,0,0,0,0,3,0,1,Councillor,0,0,0,0,0,1932
193,2,3,8,1,0,Limited,Medium,Stables,Option A,1,0,0,1,0,1,0,3,0,1,Councillor,1,0,0,0,0,1933
193,2,3,8,2,1,Commercial,High,Stables,Option B,0,0,1,0,0,1,0,3,0,1,Councillor,0,0,1,0,0,1933
193,2,3,8,3,0,None,High,None,Status quo,0,0,0,0,0,0,0,3,0,1,Councillor,0,0,0,0,0,1933
193,2,4,9,1,1,Commercial,High,Stables & landscape,Option A,0,0,1,0,0,0,1,3,0,1,Councillor,0,0,1,0,0,1934
193,2,4,9,2,0,Limited,Medium,Stables,Option B,1,0,0,1,0,1,0,3,0,1,Councillor,1,0,0,0,0,1934
193,2,4,9,3,0,None,High,None,Status quo,0,0,0,0,0,0,0,3,0,1,Councillor,0,0,0,0,0,1934
194,2,1,7,1,1,Commercial,High,Stables & landscape,Option A,0,0,1,0,0,0,1,1,0,1,Councillor,0,0,1,0,0,1941
194,2,1,7,2,0,Residential,Medium,Stables & landscape,Option B,0,1,0,1,0,0,1,1,0,1,Councillor,0,1,0,0,0,1941
194,2,1,7,3,0,None,High,None,Status quo,0,0,0,0,0,0,0,1,0,1,Councillor,0,0,0,0,0,1941
194,2,2,7,1,1,Commercial,High,Stables & landscape,Option A,0,0,1,0,0,0,1,1,0,1,Councillor,0,0,1,0,0,1942
194,2,2,7,2,0,Residential,Medium,Stables & landscape,Option B,0,1,0,1,0,0,1,1,0,1,Councillor,0,1,0,0,0,1942
194,2,2,7,3,0,None,High,None,Status quo,0,0,0,0,0,0,0,1,0,1,Councillor,0,0,0,0,0,1942
194,2,3,7,1,1,Commercial,High,Stables & landscape,Option A,0,0,1,0,0,0,1,1,0,1,Councillor,0,0,1,0,0,1943
194,2,3,7,2,0,Residential,Medium,Stables & landscape,Option B,0,1,0,1,0,0,1,1,0,1,Councillor,0,1,0,0,0,1943
194,2,3,7,3,0,None,High,None,Status quo,0,0,0,0,0,0,0,1,0,1,Councillor,0,0,0,0,0,1943
194,2,4,7,1,1,Commercial,High,Stables & landscape,Option A,0,0,1,0,0,0,1,1,0,1,Councillor,0,0,1,0,0,1944
194,2,4,7,2,0,Residential,Medium,Stables & landscape,Option B,0,1,0,1,0,0,1,1,0,1,Councillor,0,1,0,0,0,1944
194,2,4,7,3,0,None,High,None,Status quo,0,0,0,0,0,0,0,1,0,1,Councillor,0,0,0,0,0,1944
199,1,1,6,1,0,Residential,Low,None,Option A,0,1,0,0,1,0,0,3,0,1,Councillor,0,0,0,0,0,1991
199,1,1,6,2,0,Limited,High,Stables & landscape,Option B,1,0,0,0,0,0,1,3,0,1,Councillor,0,0,0,0,0,1991
199,1,1,6,3,1,None,High,None,Status quo,0,0,0,0,0,0,0,3,0,1,Councillor,0,0,0,0,0,1991
199,1,2,6,1,0,Residential,Low,None,Option A,0,1,0,0,1,0,0,3,0,1,Councillor,0,0,0,0,0,1992
199,1,2,6,2,0,Limited,High,Stables & landscape,Option B,1,0,0,0,0,0,1,3,0,1,Councillor,0,0,0,0,0,1992
199,1,2,6,3,1,None,High,None,Status quo,0,0,0,0,0,0,0,3,0,1,Councillor,0,0,0,0,0,1992
199,1,3,7,1,0,Commercial,High,Stables & landscape,Option A,0,0,1,0,0,0,1,3,0,1,Councillor,0,0,0,0,0,1993
199,1,3,7,2,0,Residential,Medium,Stables & landscape,Option B,0,1,0,1,0,0,1,3,0,1,Councillor,0,0,0,0,0,1993
199,1,3,7,3,1,None,High,None,Status quo,0,0,0,0,0,0,0,3,0,1,Councillor,0,0,0,0,0,1993
199,1,4,9,1,0,Commercial,High,Stables & landscape,Option A,0,0,1,0,0,0,1,3,0,1,Councillor,0,0,0,0,0,1994
199,1,4,9,2,0,Limited,Medium,Stables,Option B,1,0,0,1,0,1,0,3,0,1,Councillor,0,0,0,0,0,1994
199,1,4,9,3,1,None,High,None,Status quo,0,0,0,0,0,0,0,3,0,1,Councillor,0,0,0,0,0,1994
200,2,1,4,1,1,Residential,High,Stables & landscape,Option A,0,1,0,0,0,0,1,3,0,0,Not answered,0,1,0,0,0,2001
200,2,1,4,2,0,Commercial,Medium,None,Option B,0,0,1,1,0,0,0,3,0,0,Not answered,0,0,1,0,0,2001
200,2,1,4,3,0,None,High,None,Status quo,0,0,0,0,0,0,0,3,0,0,Not answered,0,0,0,0,0,2001
200,2,2,4,1,1,Residential,High,Stables & landscape,Option A,0,1,0,0,0,0,1,3,0,0,Not answered,0,1,0,0,0,2002
200,2,2,4,2,0,Commercial,Medium,None,Option B,0,0,1,1,0,0,0,3,0,0,Not answered,0,0,1,0,0,2002
200,2,2,4,3,0,None,High,None,Status quo,0,0,0,0,0,0,0,3,0,0,Not answered,0,0,0,0,0,2002
200,2,3,8,1,0,Limited,Medium,Stables,Option A,1,0,0,1,0,1,0,3,0,0,Not answered,1,0,0,0,0,2003
200,2,3,8,2,1,Commercial,High,Stables,Option B,0,0,1,0,0,1,0,3,0,0,Not answered,0,0,1,0,0,2003
200,2,3,8,3,0,None,High,None,Status quo,0,0,0,0,0,0,0,3,0,0,Not answered,0,0,0,0,0,2003
200,2,4,12,1,1,Limited,Medium,Stables,Option A,1,0,0,1,0,1,0,3,0,0,Not answered,1,0,0,0,0,2004
200,2,4,12,2,0,Residential,Low,Stables,Option B,0,1,0,0,1,1,0,3,0,0,Not answered,0,1,0,0,0,2004
200,2,4,12,3,0,None,High,None,Status quo,0,0,0,0,0,0,0,3,0,0,Not answered,0,0,0,0,0,2004
207,2,1,11,1,0,Residential,Low,None,Option A,0,1,0,0,1,0,0,1,0,1,Councillor,0,1,0,0,0,2071
207,2,1,11,2,1,Commercial,High,Stables & landscape,Option B,0,0,1,0,0,0,1,1,0,1,Councillor,0,0,1,0,0,2071
207,2,1,11,3,0,None,High,None,Status quo,0,0,0,0,0,0,0,1,0,1,Councillor,0,0,0,0,0,2071
207,2,2,11,1,0,Residential,Low,None,Option A,0,1,0,0,1,0,0,1,0,1,Councillor,0,1,0,0,0,2072
207,2,2,11,2,1,Commercial,High,Stables & landscape,Option B,0,0,1,0,0,0,1,1,0,1,Councillor,0,0,1,0,0,2072
207,2,2,11,3,0,None,High,None,Status quo,0,0,0,0,0,0,0,1,0,1,Councillor,0,0,0,0,0,2072
207,2,3,11,1,0,Residential,Low,None,Option A,0,1,0,0,1,0,0,1,0,1,Councillor,0,1,0,0,0,2073
207,2,3,11,2,1,Commercial,High,Stables & landscape,Option B,0,0,1,0,0,0,1,1,0,1,Councillor,0,0,1,0,0,2073
207,2,3,11,3,0,None,High,None,Status quo,0,0,0,0,0,0,0,1,0,1,Councillor,0,0,0,0,0,2073
207,2,4,11,1,0,Residential,Low,None,Option A,0,1,0,0,1,0,0,1,0,1,Councillor,0,1,0,0,0,2074
207,2,4,11,2,1,Commercial,High,Stables & landscape,Option B,0,0,1,0,0,0,1,1,0,1,Councillor,0,0,1,0,0,2074
207,2,4,11,3,0,None,High,None,Status quo,0,0,0,0,0,0,0,1,0,1,Councillor,0,0,0,0,0,2074
213,3,1,7,1,1,Commercial,High,Stables & landscape,Option A,0,0,1,0,0,0,1,1,0,1,Councillor,0,0,1,0,0,2131
213,3,1,7,2,0,Residential,Medium,Stables & landscape,Option B,0,1,0,1,0,0,1,1,0,1,Councillor,0,1,0,1,0,2131
213,3,1,7,3,0,None,High,None,Status quo,0,0,0,0,0,0,0,1,0,1,Councillor,0,0,0,0,0,2131
213,3,2,7,1,1,Commercial,High,Stables & landscape,Option A,0,0,1,0,0,0,1,1,0,1,Councillor,0,0,1,0,0,2132
213,3,2,7,2,0,Residential,Medium,Stables & landscape,Option B,0,1,0,1,0,0,1,1,0,1,Councillor,0,1,0,1,0,2132
213,3,2,7,3,0,None,High,None,Status quo,0,0,0,0,0,0,0,1,0,1,Councillor,0,0,0,0,0,2132
213,3,3,7,1,1,Commercial,High,Stables & landscape,Option A,0,0,1,0,0,0,1,1,0,1,Councillor,0,0,1,0,0,2133
213,3,3,7,2,0,Residential,Medium,Stables & landscape,Option B,0,1,0,1,0,0,1,1,0,1,Councillor,0,1,0,1,0,2133
213,3,3,7,3,0,None,High,None,Status quo,0,0,0,0,0,0,0,1,0,1,Councillor,0,0,0,0,0,2133
213,3,4,7,1,1,Commercial,High,Stables & landscape,Option A,0,0,1,0,0,0,1,1,0,1,Councillor,0,0,1,0,0,2134
213,3,4,7,2,0,Residential,Medium,Stables & landscape,Option B,0,1,0,1,0,0,1,1,0,1,Councillor,0,1,0,1,0,2134
213,3,4,7,3,0,None,High,None,Status quo,0,0,0,0,0,0,0,1,0,1,Councillor,0,0,0,0,0,2134
214,1,1,3,1,1,Residential,Low,Stables & landscape,Option A,0,1,0,0,1,0,1,1,0,0,Not answered,0,0,0,0,0,2141
214,1,1,3,2,0,Limited,Medium,Stables,Option B,1,0,0,1,0,1,0,1,0,0,Not answered,0,0,0,0,0,2141
214,1,1,3,3,0,None,High,None,Status quo,0,0,0,0,0,0,0,1,0,0,Not answered,0,0,0,0,0,2141
214,1,2,3,1,1,Residential,Low,Stables & landscape,Option A,0,1,0,0,1,0,1,1,0,0,Not answered,0,0,0,0,0,2142
214,1,2,3,2,0,Limited,Medium,Stables,Option B,1,0,0,1,0,1,0,1,0,0,Not answered,0,0,0,0,0,2142
214,1,2,3,3,0,None,High,None,Status quo,0,0,0,0,0,0,0,1,0,0,Not answered,0,0,0,0,0,2142
214,1,3,3,1,1,Residential,Low,Stables & landscape,Option A,0,1,0,0,1,0,1,1,0,0,Not answered,0,0,0,0,0,2143
214,1,3,3,2,0,Limited,Medium,Stables,Option B,1,0,0,1,0,1,0,1,0,0,Not answered,0,0,0,0,0,2143
214,1,3,3,3,0,None,High,None,Status quo,0,0,0,0,0,0,0,1,0,0,Not answered,0,0,0,0,0,2143
214,1,4,3,1,1,Residential,Low,Stables & landscape,Option A,0,1,0,0,1,0,1,1,0,0,Not answered,0,0,0,0,0,2144
214,1,4,3,2,0,Limited,Medium,Stables,Option B,1,0,0,1,0,1,0,1,0,0,Not answered,0,0,0,0,0,2144
214,1,4,3,3,0,None,High,None,Status quo,0,0,0,0,0,0,0,1,0,0,Not answered,0,0,0,0,0,2144
